Word,Type,Meaning,Page
à nouveau,(adv.),重新,26
à verse,(loc. adv.),"如注地、倾盆似地",48
aboyer,(v.i.),"大喊、狗叫",66
abrégé,(e (adj.)),"缩短的、节略的",132
abricot,(n.m.),杏,62
abricotier,(n.m.),杏树,62
absence,(n.f.),缺席,28
absent,(e (adj.)),缺席的,128
absolument,(adv.),绝对地,27
accélérer,(v.t.),加速,216
accepter,(v.t.),接受,150
accessoire,(n.m.),"附件、附属品、服饰",96
accident,(n.m.),事故,"79, 218"
accompagner,(v.t.),陪同、陪伴,104
accord,(d' (adv.)),同意,4
accrocher,(v.t.),悬挂,"106, 102"
accueillir,(v.t.),"接待、招待",137
achat,(n.m.),购买,"135, 180"
acrylique,(n.m.),晴纶,94
acte,(n.m.),"动画、行为、举动",154
acteur trice,(n.),演员,132
addition,(n.f.),"账单、结账",192
administratif,(ve (adj.)),"行政的、管理的",14
admiration,(n.f.),钦佩,6
adolescence,(n.f.),青少年,20
adolescent e,(n.),"少年、少女",20
adopter,(v.t.),收养,20
adoptif,(ve (adj.)),被收养的,20
adorer,(v.t.),"崇拜、极其喜欢",26
adulte,(n.),成年人,20
aérien ne,(adj.),"空中的、航空的",214
aéroport,(n.m.),机场,214
affaire,(n.f.),"事、事务",102
affaires,(n.f. pl.),(个人的)衣物、生意,102
affection,(n.f.),"乔感、爱情",28
affectueusement,(adv.),"温柔地、深情地",25
affluence,(n.f.),"人流、人群",218
"affreux, se",(adj.),"可怕的、使人不快的",46
agence,(n.f.),"代理行、代办所",108
agité,(e (adj.)),"动荡的、骚动的、烦躁不安的",54
agneau,(n.m.),"羔羊、小绵羊、羔羊肉","66, 176"
agréable,(adj.),"舒适的、愉快的",46
agressif,(ve (adj.)),"好斗的、挑衅的、咄咄逼人的",162
agrume,(n.m.),柑橘类,62
aigle,(n.f.),鹰,70
aile,(n.f.),翅膀,70
aimable,(adj.),"可爱的、亲切的、令人愉快的","160, 108"
aimer,(v.t.),爱,24
aîné,(e (adj.)),"年龄较大的、较年长的",20
air,(n.m.),神态、举止,80
aisé,(e (adj.)),"富裕的、宽裕的",172
Ajaccio,,阿雅克肖,13
alcool,(n.m.),"酒精、烧酒",192
alimentaire,(adj.),食品的,176
alimenter,(v.t.),"供给、维持",172
allée,(n.f.),"林荫道、通道",102
aller,(n.m.),去、去程,212
aller-retour,(n.m.),往返票,212
allongé,(e (adj.)),"伸长的、拉长的",71
allonger,(v.t.),躺下,75
allumer,(v.t.),"点燃、开启","140, 102"
allure,(n.f.),"举止、风度、仪表",86
alors que,(loc. adv.),"则、而",2
alpin,(e (adj.)),"登山运动的、高山的、阿尔卑斯山的",206
alpinisme,(n.m.),登山运动,206
alpiniste,(n.m.),"登山运动员、登高山者",206
Alsace,(n.f.),阿尔萨斯,13
alternance,(n.f.),"交替、更迭",49
altitude,(n.f.),"高度、海拔高度",56
amaigrissant,(e (adj.)),"使消瘦的、使瘦身的",84
amande,(n.f.),"扁桃、巴旦杏",62
amandier,(n.m.),"巴旦杏树、扁桃树",62
amant,(n.m.),情人,24
amateur,(n.m.),"业余爱好者",204
ambitieux,(se (adj.)),"雄心勃勃的、有抱负的、野心勃勃的",162
ambulance,(n.f.),救护车,79
améliorer (s'),(v.pron.),改善,46
aménager,(v.t.),"布置、整理","54, 102"
amende,(n.f.),罚款,212
amer,(ère (adj.)),"苦的、苦味的、痛苦的",194
ami,(n.m.),朋友,102
amical,(e, -aux (adj.)),友好的,2
amincir,(v.i.),"使变瘦、使显得瘦",98
amitié,(n.f.),友谊,25
amont,(n.m.),(河流的)上游、上方,54
ample,(adj.),"宽松的、宽阔的",98
amplificateur,(n.m.),功率放大器,144
amuse-gueule,(n.f.),(喝开胃酒用时的小点心),192
ancien,(ne (adj.)),古老的,104
Andorre,,安道尔,10
animal,(e, -aux (n.m.)),动物,66
animer,(v.t.),"主持、组织、使活跃",156
année,(n.f.),年,34
anniversaire,(n.m.),生日,"诞辰6, 20"
annoncer,(v.t.),宣布,47
annuaire,(n.m.),"年鉴、年报、电话簿",142
anorak,(n.m.),滑雪运动衣,92
antipathique,(adj.),"讨厌的、引起反感的",160
août,(n.m.),八月,34
apéritif,(n.m.),"开胃酒、餐前酒",151
appareil,(n.m.),"仪器、装置、设备",144
apparence,(n.f.),"外表、外貌",80
appartement,(n.m.),"套房、公寓套房、单元房",108
appeler (s'),(v.t.),"叫、给...打电话",142
appétissant,(e (adj.)),促进食欲的、诱人的,180
appétit,(n.m.),"胃口、食欲",80
appoint,(n.m.),(补足金额的)零钱,166
apprécier,(v.t.),"欣赏、评价",188
apprendre,(v.t.),学习,2
apprenti,(e (n.)),学徒,134
approprié,(e (adj.)),合适的,2
approvisionner,(v.t.),"供应、供给",172
appuyer,(v.t.),"按、压",144
après-rasage,(n.m.),(剃须后用的)润肤香水,116
aquatique,(adj.),"水的、水上的",49
arabe,(n.m.),"阿拉伯的、阿拉伯人",12
araignée,(n.f.),蜘蛛,68
arbitre,(n.m.),裁判,204
arbre,(n.m.),树,60
arbuste,(n.m.),"小灌木、小矮树",60
arc-en-ciel,(n.m.),虹、彩虹,48
archéologie,(n.f.),考古学,11
argent,(n.m.),钱,134
argentin,(e (adj.)),"阿根廷的、阿根廷人",14
argument,(n.m.),"论据、理由",156
armagnac,(n.m.),雅马邑克白兰地酒,176
armoire,(n.f.),"衣橱、衣柜","77, 104"
arracher (v.t.),(连根)拔,62
arrêt,(n.m.),停止,212
arrhes,(n.f. pl.),"定金、保证金",224
arriver (v.i.),到达,54
arroser,(v.t. ),"浇水、灌溉","60, 54"
artificiel,(le (adj.)),"人造的、人工的、不自然的、假装的",178
artisan,(n.m. ),"工匠、手艺人","134, 108"
ascenseur,(n.m.),电梯、升降机,102
asile,(n.f.),"避难所、救济所",14
aspirateur,(n.m.),吸尘器,118
asseoir (s'),(v.pron.),坐下,69
assiette,(n.f.),盘、碟,115
assis,(e (adj.)),坐着的、分布着的,212
assistant,(e (n.)),"助理、助手",132
assorti,(e (adj.)),"相配的、协调的",94
atelier,(n.m.),"车间、作坊、工场、工作室","134, 104"
athlète,(n.m.),田径运动员,204
athlétisme,(n.m.),田径,204
Atlantique,(n.m.),大西洋,54
attacher,(v.t.),系、结,216
attente,(n.f.),等待,212
attentif,(ve (adj.)),"专心的、注意的",128
atterrir,(v.i.),降落,214
atterrissage,(n.m.),降落,214
attirer,(v.t.),"吸引、招引、引诱",86
attraper,(v.t.),"抓住、逮住",66
attrister,(v.t.),"使悲伤、使伤心",28
auberge,(n.f.),"乡村客栈、小旅店",224
aubergine,(n.f.),茄子,62
audio,(adj.),"音频的、声音的",144
augmenter,(v.t.),"增加、提高",156
australien,(ne (adj.)),"澳大利亚的、澳大利亚人",14
automatique,(adj.),自动的,168
automne,(n.m.),秋季,34
automobile,(adj.),汽车的,204
autoritaire,(adj.),"专制的、独裁的、蛮横的","128, 162"
autoroute,(n.f.),高速公路,218
auto-stop,(n.m.),搭顺风车,224
autour de,(loc. prép.),围绕,52
autrichien,(ne (adj.)),"奥地利的、奥地利人",10
aval,(n.m.),(河流的)下游、下方,54
avalanche,(n.f.),雪崩,56
avance,(n.f.),提前,61
avancer,(v.i.),前进,216
avare,(adj.),"吝啬的、贪财的",172
avenue,(n.f.),"林荫道、大道",218
averse,(n.f.),"大雨、骤雨",48
aveugle,(adj.),失明的,78
avion,(n.m.),飞机,"54, 214"
avis,(n.m.),见解、看法,156
avocat,(e (n.)),律师,132
avoir lieu,(v.),发生,34
avril,(n.m.),四月,34
baccalauréat,(n.m.),中学毕业会考,122
bagage,(n.m.),行李,226
bague,(n.f.),戒指,96
baguette,(n.f.),法式长棍面包,176
baigner (se),(v.pron.),"游泳、洗澡",57
baignoire,(n.f.),"浴缸、澡盆",106
bail,(n.f. ),"租约、租赁契约",108
bain,(n.m.),"洗澡、沐浴","106, 226"
baiser,(v.t.),"吻、接吻","2, 24"
balader (se),(v.pron.),"散步、溜达",200
balai-brosse,(n.m.),擦地刷,118
balance,(n.f.),"天平、磅秤",84
balayer,(v.t.),打扫,118
balcon,(n.m.),阳台,106
balle,(n.f.),球,202
ballon,(n.m.),"球、皮球",204
banane,(n.f.),香蕉,62
bananier,(n.m.),香蕉树,62
bancaire,(adj.),银行的,168
banlieue,(n.f.),郊区,212
barbe,(n.f.),胡须,88
barbu,(e (adj.)),有胡子的,88
Barhein,,巴林,10
barquette,(n.f.),船形的食品包装盒,180
barrette,(n.f.),发夹,88
bas,(n.m.),女式长筒丝袜,94
bas,(se (adj.)),"低的、矮的",54
basané,(e (adj.)),晒黑的,86
basilic,(n.m.),罗勒香草,176
basket,(n.f.),篮球,204
basket-ball,(n.m.),篮球,204
bateau,(n.m.),船,"54, 214"
bâtiment,(n.m.),建筑物,102
battant,(e (adj.)),"敲击的、拍打的",48
battement,(n.m.),"跳动、抖动、拍打",76
batteur,(n.m.),搅拌器,118
battre,(v.t.),"打、打败、打破、跳动","76, 202"
bavard,(e (adj.)),"多嘴的、喜欢闲聊的",162
bavarder,(v.i.),"闲谈、闲聊","128, 154"
Béarn,,贝阿恩（法国旧省名）,12
beau-frère,(n.m.),"姐夫、妹夫、大伯、小叔、内兄、内弟、连襟",18
beau-père,(n.m.),"岳父、公公、继父",18
beauté,(n.f.),"美、优美、美满","133, 86"
beaux-parents,(n.m. pl.),"公婆、岳父母",18
bébé,(n.m.),婴儿,20
belge,(adj.),比利时的,166
belle-fille,(n.f.),"媳妇、儿媳、继女、养女",18
belle-mère,(n.f.),"婆婆、岳母、继母",18
belle-sœur,(n.f.),"嫂子、弟媳、大姑、小姑、大姨、小姨、妯娌",18
bénéfice,(n.m.),利润,156
bermuda,(n.m.),齐膝盖短裤,92
besoin,(n.m.),"需要、需求",80
bête,(adj.),"愚蠢的、傻的",162
bêtise,(n.f.),"愚蠢、蠢事",160
Beur,(n.m. ),在法国的北非移民子女,14
beurré,(e (adj.)),涂上黄油的,190
beurrier,(n.m.),"黄油罐、黄油碟",191
bibelot,(n.m.),"小摆设、小玩意儿",106
bibliothèque,(n.f.),"书架、书柜、图书馆","104, 124"
bière,(n.f.),啤酒,192
bifteck,(n.m.),牛排,176
bijouterie,(n.f.),首饰店、珠宝店,178
bijoutier,(ère (n.)),"首饰匠、首饰珠宝商",178
bilingue,(adj.),"双语的、精通两种语言的",12
billet,(n.m.),"车票、纸币、钞票","212, 166"
biologie,(n.f.),生物学,126
biscuit,(n.m.),饼干,180
bise,(n.f.),"接吻、亲吻、亲昵触脸",2
bisou,(n.m.),"吻、亲吻、亲一下子",2
bistrot,(n.m.),"小酒馆、咖啡馆（主要起源于各客站附近的小旅馆）","190, 194"
blague,(n.f.),玩笑,68
blessé,(n.m.),伤员,79
bleu,(e (adj.)),蓝色的,54
bleu-gris,(adj.),蓝灰色的,88
blond,(e (adj.)),"金黄色的、金栗色的",88
blouson,(n.m.),夹克衫,92
bœuf,(n.m.),"公牛、牛肉",176
bois,(n.m.),"木、木材、树林","106, 57"
boisson,(n.f.),饮料,193
boîte,(n.f.),罐头,68
bol,(n.m.),"碗、一碗之量",190
bonbon,(n.m.),糖果,176
bonnet,(n.m.),"无边软帽、便帽",96
bord,(n.m.),"边缘、岸边、在船上、在飞机上","54, 214"
botte,(n.f.),"捆、扎、把、靴子",180
bottin,(n.m.),电话号码查询簿,142
bouche,(n.f.),嘴,11, 74
bouchon,(n.m.),"瓶塞、车堵、堵车",218
boucle,(n.f.),环、圈,96
bouddhiste,(n.m.),(adj.),"佛教的、佛教徒",11
bouée,(n.f.),"救生圈、浮标、水桶",226
bouger,(v.i.),"动、挪动、移动",76
bouilloire,(n.f.),热水壶,188
"boulanger, ère",(n.),面包师,132
bouquet,(n.m.),花束,60
Bourgogne,(n.f.),勃艮第,12
bouteille,(n.f.),瓶子,104
boxe,(n.f.),拳击,206
boxeur,(n.m.),拳击运动员,206
bracelet,(n.m.),手镯,96
branche,(n.f.),"树枝、分枝",60
brancher,(v.t.),"连接、接上...电源",140
bras,(n.m.),"手臂、胳膊",74
Bretagne,(n.f.),布列塔尼,12
bretelle,(n.f.),"(衣服上用的)背带、吊带",96
bricolage,(n.m.),"修修补补、干零碎活","200, 104"
bricoler,(v.i.),"修修补补、在家干零碎活",200
bricoleur,(n.m.),喜欢在家修修补补的人,102
"bridé, e",(adj.),细长的(眼型),86
brie,(n.m.),布里奶酪,176
"brillant, e",(adj.),"发光的、杰出的",128
briller,(v.i.),"闪光、发亮",52
brioche,(n.f.),奶油大酥饼(布里欧修),176
broche,(n.f.),胸针,96
brochure,(n.f.),小册子,224
bronzer,(v.t.),晒黑,226
brosse,(n.f.),刷子,116
brosser (se),(v.pron.),刷(身体的一部分),116
brouillard,(n.m.),雾,48
bruine,(n.f.),"毛毛雨、蒙蒙细雨",48
brume,(n.f.),"雾、轻雾、雾气",48
"brun, e",(adj.),"褐色的、棕色的、栗色的","71, 88"
brushing,(n.m.),刷子卷发,178
"bruyant, e",(adj.),"大声的、喧哗的",108
budget,(n.m.),预算,172
buffet,(n.m.),"(车站里的)咖啡馆、便餐馆",194
buraliste,(n.m.),烟草店老板,178
bus,(n.m.),公共汽车,178
buste,(n.m.),"上半身、半身雕塑像",74
but,(n.m.),"目标、靶子、球门",204
cabine,(n.f.),"船舱、客舱；小间、小室","214, 98"
cabinet,(n.m.),事务所,133
cacahouète,(n.f.),花生,192
"cadet, te",(adj.),"年龄较小的、较年轻的",20
cadre,(n.m.),干部,134
café,(n.m.),咖啡,"150, 194"
cafetière,(n.f.),咖啡壶,188
cahier,(n.m.),本子,124
"caissier, ère",(n.),"出纳员、收款员",133
caleçon,(n.m.),男衬裤,92
calendrier,(n.m.),"历法、日历",
calme,(adj.),"平和的、宁静的",54
calvados,(n.m.),苹果烧酒,176
camembert,(n.m.),卡芒贝尔奶酪,176
caméra,(n.f.),摄像机,144
caméscope,(n.m.),(便携式)摄像机,144
camion,(n.m.),卡车,108
campagne,(n.f.),乡村,56
camper,(v.i.),"扎营、安营扎寨、露营",224
camping,(n.m.),露营,224
canapé,(n.m.),"靠背长沙发、长沙发",104
canard,(n.m.),鸭子,"66, 46"
canicule,(n.f.),"伏天、炎热、酷热",46
cantal,(n.m.),康塔尔干酪,176
cantine,(n.f.),"餐厅、食堂",124
car,(conj.),因为,66
caractère,(n.m.),"性格、个性、字体","66, 160"
carafe,(n.f.),"冷水瓶、长颈大肚玻璃瓶",190
caravane,(n.f.),(用汽车牵引的)旅行挂车,224
"cardinal, e, aux",(adj.),"基本的、主要的",52
caresser,(v.t.),抚摸,66
carnet,(n.m.),"记事本、(银行)存折",170
carotte,(n.f.),胡萝卜,62
carreau,(n.m.),"方块、(门窗)玻璃、方格","94, 118"
carrefour,(n.m.),十字路口,218
carrelage,(n.m.),"瓷砖贴面、方砖贴面",106
cartable,(n.m.),书包,124
carte,(n.f.),"证件、证书、卡、地图",168
cartes,(n.f.pl.),"卡片、扑克牌",200
carton,(n.m.),"纸板、纸盒、纸箱",102
cartouche,(n.f.),"笔芯、墨水芯",124
cas,(n.m.),"情况、场合",2
casque,(n.m.),"头盔、耳机","144, 216"
casquette,(n.f.),鸭舌帽,96
"cassé, e",(adj.),"打碎的、折断的",71
casserole,(n.f.),有柄平底锅,188
cassette,(n.f.),"盒式录音带、盒式录像带",144
catégorie,(n.f.),类型,134
caution,(n.f.),"担保；担保金、保证金",108
cavalier,(n.m.),骑手；骑士,204
cave,(n.f.),"酒窖；地窖、地下室",104
ceinture,(n.f.),"皮带、腰带、裤带",96
céleri,(n.m.),芹菜,62
célibataire,(adj.),"单身、未婚",24
cendrier,(n.m.),烟灰缸,190
centime,(n.m.),"生分（百分之一生分=1法郎）",166
céréale,(n.f.),谷物,135
céréales,(n.f. pl.),谷物食品（指麦片、玉米片等）,190
cerise,(n.f.),樱桃,182
cerisier,(n.m.),樱桃树,182
certitude,(n.f.),"确信、保证、确实",156
cerveau,(n.m.),大脑,76
cesse,(n.f.),停止,27
chagrin,(n.m.),"忧愁、悲伤",28
chagriner,(v.t.),"使忧伤、使忧愁",28
chaîne,(n.f.),音响组合,144
chair,(n.f.),"肌肉、肉；肉欲",68
chalet,(n.m.),山区（尖顶）木屋,56
chaleur,(n.f.),"热、热情；高温",46
"chaleureux, se",(adj.),"热情的、热烈的",162
chambre,(n.f.),"卧室、房间",102
chameau,(n.m.),骆驼,70
champ,(n.m.),田地,56
Champagne,(n.f.),香槟（省）,13
champignon,(n.m.),蘑菇,60
champion,(n.m.),冠军,202
championnat,(n.m.),锦标赛,202
chance,(n.f.),"运气、机遇",6
change,(n.m.),"交换、兑换；汇兑",170
"changeant, e",(adj.),"变化的、多变的",46
changement,(n.m.),变化,214
changer,(v.t.),"换、更换",96
chantier,(n.m.),工地,134
"chapeau, x",(n.m.),"帽（子）；致敬",6
"charcutier, ère",(n.),"猪肉食品商、制作猪肉食品者",135
chariot,(n.m.),"四轮货车、搬运车、手推车",180
charme,(n.m.),"魅力、诱惑力",86
chasse-neige,(n.f.),"除雪机、扫雪车",48
chasser,(v.t.),"打猎、狩猎；驱赶",68
chasseur,(n.m.),猎人,68
chat,(n.m.),猫,66
châtain,(adj.),"褐色的、栗色的",84
château,(n.m.),城堡,226
"chaud, e",(adj.),"热的、暖的",46
chauffer,(v.t.),"加热、烧热","53, 102, 189"
chauffeur,(n.m.),司机,132
chausser,(v.t.),"穿（鞋）、替某人穿（鞋）",98
chaussette,(n.f.),中袜,94
chaussure,(n.f.),鞋子,94
chauve,(adj.),"秃的、秃顶的",88
chemin,(n.m.),"路、道路、小道",56
cheminée,(n.f.),"暖炉、烟囱",102
chemise,(n.f.),衬衫,92
chemisier,(n.m.),女式长袖衬衫,92
chèque,(n.m.),支票,168
chéquier,(n.m.),支票簿,168
"cher, chère",(adj.),"亲爱的；昂贵的、高贵的；珍贵的","6, 156"
chercher,(v.t.),寻找,98
"chéri, e",(n.),亲爱的人,25
"cheval, aux",(n.m.),马,66
chevet,(n.m.),"床头、枕边",104
"cheveu, x",(n.m.),头发,74
cheville,(n.f.),踝关节,74
chèvre,(n.f.),"山羊、北山羊","66, 176"
chevreuil,(n.m.),狍子,68
chic,(adj.),"优美的、别致的；亲切、可爱",192
chic,(interj.),"太好了！太好了！",150
chien,(n.m.),"狗、犬",66
chiffon,(n.m.),"破布、碎布、旧布",118
chiffre,(n.m.),数字,"127, 168"
chimie,(n.f.),化学,126
chirurgien,(n.m.),外科医生,132
chocolat,(n.m.),巧克力,"35, 176"
choisir,(v.t.),选择,168
chômage,(n.m.),失业,134
"chômeur, se",(n.),失业者,134
chouette,(interj.),"好哇！真棒！",150
chrysanthème,(n.m.),菊花,60
ciboulette,(n.f.),细香葱,176
ciel,(n.m.),"天、天空",48
cigare,(n.m.),雪茄,178
cigarette,(n.f.),香烟,178
cimetière,(n.m.),墓地,28
cinquantaine,(n.f.),五十来岁,86
cintre,(n.m.),衣架,104
circuit,(n.m.),"(体育比赛的)环形路线；旅游线路","204, 228"
circulation,(n.f.),交通,212
circuler,(v.i.),"通行、来往",218
cirer,(v.t.),打蜡,118
cirque,(n.m.),马戏团,200
citron,(n.m.),柠檬,62
citronnier,(n.m.),柠檬树,62
"civil, e",(adj.),"平民的、国内的、非军事的",24
"clair, e",(adj.),"明亮的、明确的",46
classe,(n.f.),等次,212
classeur,(n.m.),文件夹,178
classique,(adj.),"古典的、古典派的",98
clavier,(n.m.),键盘,140
clé,(n.f.),钥匙,102
climat,(n.m.),气候,48
cliquer,(v.i.),点击（鼠标）,140
clôture,(n.f.),"围墙、栅栏；篱笆",102
club,(n.m.),俱乐部,206
cochon,(n.m.),猪,66
cocotte,(n.f.),小锅,188
cocotte-minute,(n.f.),"压力锅、高压锅",188
code secret,(n.m.),密码,168
cœur,(n.m.),"心、心脏","6, 76"
coffre,(n.m.),车厢,216
cognac,(n.m.),白兰地酒,176
"coiffé, e",(adj.),做过头发的,88
coiffer (se),(v.pron.),"梳头、装饰头发",116
"coiffeur, se",(n.),理发师,133
coin,(n.m.),"角落、隅；居住的地区","104, 190"
col,(n.m.),"领口、衣领；山口","56, 92"
collant,(n.m.),"连裤袜、紧身衣、紧身裤",94
colle,(n.f.),胶水,178
collège,(n.m.),初中,122
"collégien, ne",(n.m.),"初中生、男初中生、女初中生",122
collier,(n.m.),"项链、颈饰",96
colline,(n.f.),"山、山岗",56
colombe,(n.f.),和平鸽,70
colonie,(n.f.),"(儿时的)夏令营、复活节营地",224
colonne,(n.f.),"柱、支柱",74
combat,(n.m.),"战斗、格斗",206
combinaison,(n.f.),"连衫裤、组合",94
combiné,(n.m.),"电话、电话机",142
commerce,(n.m.),"商业、贸易",176
"commercial, e",(n.),"商业推销员、商务代表",132
commode,(n.f.),"五斗橱、(带抽屉的)衣柜",104
communication,(n.f.),"交通、通讯",150
"compact, e",(adj.),"紧密的、精巧的",144
compagne,(n.f.),女伴,25
compagnon,(n.m.),"伙伴、同伴",25
"compétent, e",(adj.),"有能力的、能胜任的",137
compétition,(n.f.),"比赛、竞赛",202
"complet, ète",(adj.),"完整的、客满的",214
complètement,(adv.),"完全地、彻底地",80
complimenter,(v.t.),"称赞、赞扬、恭维",194
"compliqué, e",(adj.),错综复杂的,192
comporter,(v.t.),包含,190
composer,(v.t.),"撰写、组合；结合、组成","52, 142"
comprendre,(v.t.),"理解、懂得",4
comptabilité,(n.f.),会计学,132
comptable,(n.),"会计、会计师",132
compter,(v.t.),"数、计算",126
concentré,(n.m.),"浓缩物、提炼物",180
concierge,(n.m.),"门房、看门人、守门人",102
concombre,(n.m.),黄瓜,194
concours,(n.m.),"考试、竞赛",137
concubinage,(n.m.),同居,24
condoléances,(n.f. pl.),"哀悼、哀悼信",6
"conducteur, trice",(n.),驾驶员,216
conduire,(v.i.),驾驶,216
confiture,(n.f.),果酱,180
conflit,(n.m.),冲突,26
confortable,(adj.),"舒适的、安逸的",98
congé,(n.m.),"假期、休假",226
congélateur,(n.m.),冷冻柜,104
congrès,(n.f.),(政党或联盟的)会议,148
"conjoint, e",(n.),爱人,25
connaissance,(n.f.),"知识；相识","2, 24"
connecter (se),(v.pron.),连接,140
consacrer,(v.t.),"把...用于、把...献于",200
console,(n.m.),控制器,144
consommateur,(n.m.),消费者,192
consommation,(n.f.),消费,180
consonne,(n.f.),辅音,10
consulter,(v.t.),"查阅、咨询",140
contact,(n.m.),接触,216
"content, e",(adj.),"高兴的、快乐的","6, 7"
contexte,(n.m.),"上下文；情况、环境","2, 154"
continent,(n.m.),"大陆、大洲",52
"continu, e",(adj.),连续的,36
"contracté, e",(adj.),紧张的,99
contraire,(n.m.),"相反、反面",54
contrat,(n.m.),合同,108
contravention,(n.f.),违章,218
contre,(prép.),"接、靠",104
contrôle,(n.m.),"(学生的)测验；检查",128
contrôleur,(n.m.),"检察员、检票人",212
conversation,(n.f.),"谈话、交谈、会谈",154
convive,(n.m.),"(宴会的)宾客、同席者",194
coordonnées,(n.f. pl.),联络地址（包括电话、地址等）,152
copain,(n.m.),男朋友,24
copie,(n.f.),"作业、试卷",128
copier,(v.t.),复制,140
"copieux, se",(adj.),"丰富的、丰盛的",194
copine,(n.f.),女朋友,24
coq,(n.m.),"公鸡、雄鸡",66
coque,(n.f.),蛋壳,190
coquetier,(n.m.),(盛煮蛋用的)蛋杯,190
"coquet, te",(adj.),"爱打扮的；漂亮的",88
coquillage,(n.m.),"贝壳、贝壳类动物","68, 176"
corbeau,(n.m.),乌鸦,70
cordon-bleu,(n.m.),手艺高明的厨师,188
corps,(n.m.),身体,74
correspondance,(n.f.),"(交通工具之间的)衔接、联运、换乘",212
"correspondant, e",(n.),"通电话者、通信者；(驻外)记者、通讯员",142
corriger,(v.t.),"纠正、修改、改正",128
Corse,(n.f.),科西嘉,13
costume,(n.m.),"服装；男式西服",92
côte,(n.f.),"海岸、海滨、肋骨","54, 74"
côtelette,(n.f.),排骨,176
coton,(n.m.),"棉花、棉布",94
cou,(n.m.),"颈、脖子",74
couchage,(n.m.),卧具,224
coucher (se),(v.pron.),睡觉,37
coude,(n.m.),肘,74
couler,(v.i.),流淌,106
couleur,(n.f.),"色彩、颜色",94
couloir,(n.m.),走廊,102
coupe,(n.f.),"裁剪、奖杯","98, 202"
"coupé, e",(adj.),"切断的、中断的",48
couper (se),(v.pron.),剪伤,116
coupe-ongles,(n.m.),指甲钳,116
couper,(v.t.),切断,216
couple,(n.m.),"一对、一双",26
cour,(n.f.),院子,124
"courageux, se",(adj.),"勇敢的、大胆的",160
courant,(n.m.),水流,54
"courant, e",(adj.),"常见的、通常的",38
coureur,(n.m.),赛跑运动员,204
courgette,(n.f.),西葫芦,62
courir,(v.i.),奔、跑,127
couronne,(n.f.),花冠,28
cours,(n.m.),水流,54
course,(n.f.),"奔、跑；赛跑、赛马、自行车赛",204
courses,(n.f. pl.),"购物、购买食品",114
court,(n.m.),网球场,202
"court, e",(adj.),短的,88
cousin,(n.m.),"堂兄弟；表兄弟",18
cousine,(n.f.),"堂姐妹；表姐妹",18
coussin,(n.m.),"垫子、靠垫、坐垫",104
coût,(n.m.),"费用、成本、价格",108
couteau,(n.m.),刀子,"190, 191"
coûter,(v.i.),"价值、花费、耗资",182
couture,(n.f.),"裁缝、作针线活",200
"couturier, ère",(n.),裁缝,133
couvercle,(n.f.),锅盖,188
"couvert, e",(adj.),"盖满的、布满的",48
couvert,(n.m.),餐具,
couverture,(n.f.),"被子、毯子",104
crabe,(n.f.),蟹,68
crâne,(n.m.),"颅骨、头",74
cravate,(n.f.),领带,96
crayon,(n.m.),铅笔,124
crédit,(n.m.),信用,168
créditeur,(n.m.),债权人,172
crémaillère,(n.f.),(厨房用)挂锅铁钩,108
crème,(n.f.),"奶油、香脂、乳液","87, 194"
crêpe,(n.f.),薄饼,195
crêperie,(n.f.),"煎饼店、薄饼餐馆",192
Creuse,(n.f.),克勒兹（省）,12
"creux, se",(adj.),"空心的、凹陷的",190
"crevé, e",(adj.),"累垮的、死的",80
crevette,(n.f.),虾,68
crier,(v.i.),呐喊,108
crise,(n.f.),"(疾病的)骤变、发作；危机",76
crocodile,(n.m.),鳄鱼,70
croisière,(n.f.),海上旅行,228
croissant,(n.m.),羊角面包,176
croque-monsieur,(n.m.),烤面包片夹奶酪火腿三明治,194
"cru, e",(adj.),"生的、未煮的",176
crudité,(n.f.),凉拌蔬菜,194
cueillette,(n.f.),"采摘、采摘品",62
cueillir,(v.t.),"采、摘",62
cuillère,(n.f.),"汤匙、调羹",190
cuir,(n.m.),"皮革、(某些动物的)厚皮","94, 104"
cuisine,(n.f.),"烹饪；厨房","188, 102"
cuisiner,(v.t.),"烹饪、做饭、做菜",114
"cuisinier, ère",(n.),厨师,188
cuisinière,(n.f.),炉灶,104
cuisse,(n.f.),大腿,68
"cuit, e",(adj.),煮熟的,176
culotte,(n.f.),"(女用)裤衩、三角裤",94
"cultivé, e",(adj.),"有学问的、有教养的",160
cultiver,(v.t.),"耕种、种植、培养",62
curseur,(n.m.),光标,140
cyclisme,(n.m.),自行车赛,204
dactylographe,(n.),打字员,132
"dangereux, se",(adj.),危险的,56
danser,(v.i.),舞蹈,200
date,(n.f.),日期,20
dé,(n.m.),骰子,200
débarras,(n.m.),杂物堆放处,102
débarrasser,(v.t.),"清除、清理",114
débat,(n.m.),辩论,156
débiteur,(n.m.),债务人,170
déborder,(v.i.),"溢出、(河水)泛滥",48
débrancher,(v.t.),"切断、断开",140
"décaféiné, e",(adj.),除去咖啡因的咖啡,194
décembre,(n.m.),十二月,34
décollage,(n.m.),起飞,214
décoller,(v.i.),起飞,214
"décontracté, e",(adj.),"轻松的、无忧无虑的、放松的","99, 128"
décor,(n.m.),"装饰、环境",192
décoration,(n.f.),"装饰、装潢",106
découper,(v.t.),"切、割、剪开",188
découvert,(n.m.),透支金额,170
découvrir,(v.t.),发现,228
décrire,(v.t.),描写,134
décrocher,(v.t.),"拿起(听筒)、使脱钩",142
"déçu, e",(adj.),失望的,150
défaire,(v.t.),"打开、解开",226
défaite,(n.f.),失败,202
défaut,(n.m.),"缺点、缺陷",162
définitivement,(adv.),"最终地、决定地",134
dégager (se),(v.pron.),"脱身、摆脱",48
"dégarni, e",(adj.),"脱发的、秃顶的",88
dégrader (se),(v.pron.),"变坏、恶化",46
déguster,(v.t.),品尝,192
dehors,(n.m.),"外面、郊外",200
déjeuner,(n.m.),"午餐、午饭","190, 47"
"délicat, e",(adj.),"微妙的、细腻的","6, 118"
délice,(n.m.),"快乐、高兴、乐融融",194
"délicieux, se",(adj.),美味的,194
demain,(adv.),明天,26
"démaquillant, e",(adj.),卸妆的,116
démarrer,(v.t.),"启动、开启；开始",216
déménager,(v.t.),"搬家、搬迁",108
déménageur,(n.m.),"搬家公司的人、替人搬家的人",108
demi-frère,(n.m.),同父异母或同母异父兄弟,26
demi-livre,(n.f.),半市斤,182
demi-saison,(n.f.),春秋季,99
demi-sœur,(n.f.),同父异母或同母异父姐妹,26
dent,(n.f.),牙齿,74
dentelle,(n.f.),花边,93
dentifrice,(n.f.),牙膏,116
dépasser,(v.t.),超过,218
dépayser,(v.t.),"使变换环境；使不自在",228
dépêcher (se),(v.pron.),"赶紧、赶快",114
dépendre,(v.t.),"(依赖)...、取决于...",122
dépendre de,(v.t.),取决于......,6
dépense,(n.f.),"开支、支出",172
dépenser,(v.t.),"花费、耗费","54, 168"
"dépensier, ère",(adj.),"爱花钱的、乱花钱的",172
déplacer (se),(v.pron.),"移动、挪动、走动",66
déplacer,(v.t.),移动,"140, 224"
dépliant,(n.m.),折叠式的印刷品,224
déposer,(v.t.),"储存、寄放",172
dérangement,(n.m.),"弄乱、混乱、故障",142
"dernier, ère",(adj.),"最近的、最后的",34
désagréable,(adj.),"令人不愉快的、不舒服的",46
"descendant, e",(adj.),"降低的、下行的",54
descendre,(v.i.),下降,54
désert,(n.m.),沙漠,17
désigner,(v.t.),"指定、任命；指明、表示",132
"désolé, e",(adj.),"感到遗憾的、感到抱歉的",150
désordre,(n.m.),"混乱、杂乱",104
dessert,(n.m.),甜点,190
dessinateur,(n.m.),绘图员,133
dessous-de-plat,(n.m.),菜盘垫子,190
dessus,(n.m.),上面,75
dessus-de-lit,(n.m.),床罩,104
destination,(n.f.),"目的地、终点",212
détendre (se),(v.pron.),"轻松、放松、缓和",228
détenir,(v.t.),保持,202
détester,(v.t.),"厌恶、憎恶","26, 127"
dette,(n.f.),债务,170
deuil,(n.m.),"居丧、悲哀",28
deux-roues,(n.f. pl.),两轮车的统称,216
développer,(v.t.),"发展、发挥、说明",156
devinette,(n.f.),谜语,53
devis,(n.m.),"工程概算单、估价单",108
devoir,(n.m.),作业,128
dictée,(n.f.),听写,126
diesel,(n.m.),柴油,216
"différent, e",(adj.),不同的,166
digérer,(v.t.),消化,76
digestif,(n.m.),"餐后酒、助消化酒",176
"digestif, ve",(adj.),助消化的,76
digestion,(n.f.),消化,76
Dijon,,第戎,13
dinde,(n.f.),火鸡,176
dîner,(n.m.),晚餐,190
dîner,(v.i.),吃晚饭,114
diplôme,(n.m.),"文化、学位证书",122
"direct, e",(adj.),直接的,214
direction,(n.f.),方向,214
discipline,(n.f.),"科目、课程","126, 204"
discothèque,(n.f.),迪斯科舞厅,200
"discret, ète",(adj.),"(言行)谨慎的、慎重的、拘谨的",108
discussion,(n.f.),讨论,154
discuter,(v.t.),讨论,154
disparaître,(v.i.),消失,54
disponible,(adj.),"可(自由)处理的、可(随时)使用的",133
dispute,(n.f.),"吵架、争执",26
disputer (se),(v.pron.),"吵架、争执",26
disputer,(v.t.),"比赛、竞赛",202
disque,(n.f.),"磁盘、唱片",140
disquette,(n.f.),软盘,140
distraction,(n.f.),"消遣、娱乐",194
"distrait, e",(adj.),"分心的、漫不经心的","128, 160"
distributeur,(n.m.),"自动售货机、自动售票机",168
divan,(n.m.),"(无靠背、无扶手的)长沙发",104
divorce,(n.m.),离婚,26
divorcer,(v.i.),离婚,26
dizaine,(n.f.),十来个,182
Djibouti,,吉布提,10
doigt,(n.m.),"手指、足趾",74
dollar,(n.m.),"美元、澳元、加元、港元",170
domestique,(adj.),"家养的、驯养的；家庭的、家内的",66
domicile,(n.m.),"住所、寓所",180
"dominant, e",(adj.),"统治的、主要的",126
dommage,(n.m.),"损害、损失；可惜、遗憾",150
donnée,(n.f.),"数据、资料",140
Dordogne,(n.f.),多尔多涅(省),12
dormir,(v.i.),睡觉,56
dos,(n.m.),背脊,226
dossier,(n.m.),"档案袋、档案夹、卷宗、(计算机中的)文件夹","140, 178"
douane,(n.f.),海关,224
double,(n.m.),"双重的、两倍的",224
doubler,(v.t.),超车,218
douceur,(n.f.),"甜味；温和、文雅、温柔",70
douche,(n.f.),淋浴,49
"doué, e",(adj.),"有才能的、有天赋的","128, 160"
"doux, ce",(adj.),"温和、温柔",46
douzaine,(n.f.),"一打、十二个",182
draguer,(v.t.),"勾引、调情、献殷情",24
dragueur,(n.m.),"喜欢调情的人、喜欢勾引的人",24
dramatique,(adj.),"悲剧性的、悲惨的",48
drap,(n.m.),"床单、被单",104
droit,(adv.),"笔直地、垂直地、径直地",218
droit,(n.m.),法律,126
"droit, e",(adj.),笔直的,92
drôle,(adj.),"滑稽的、好笑的、有趣的",162
"dur, e",(adj.),"硬的、坚硬的；困难的、严峻的","140, 194"
dynamique,(adj.),"活跃的、积极的",162
eau,(n.f.),水,54
eau de toilette,(n.f.),(介于香精与花露水之间的)香水,116
échanger,(v.t.),"交换、互换","24, 188"
écharpe,(n.f.),"长围巾、披巾",96
échecs,(n.m. pl.),国际象棋,200
échouer,(v.i.),"失败、未实现",128
éclair,(n.m.),闪电,48
éclaircie,(n.f.),"(云雾中)一线晴天、(阴雨天的)暂时晴朗",48
éclat,(n.m.),"光辉；(炸成的)碎片",28
éclater,(v.i.),"爆发；突然发出巨响",28
écolier,(n.m.),小学生,122
économie,(n.f.),经济,126
économiser,(v.t.),"积蓄、积累",170
"écossais, e",(adj.),格子花呢的,94
écouter,(v.t.),"听；听取、听从",78
écran,(n.m.),"屏幕、银幕",140
écriture,(n.f.),"书写、字体",127
écrivain,(n.m.),作家,132
édredon,(n.m.),鸭绒压脚被,104
éducatrice,(n.f.),教育工作者,137
"effacé, e",(adj.),"退让的、不爱表现的、平凡的",127
effacer,(v.t.),"擦去、抹掉","125, 140"
église,(n.f.),教堂,24
égoïsme,(n.m.),自私,162
Égypte,(n.f.),埃及,13
élastique,(adj.),有弹性的,94
élection,(n.f.),选举,81
"électricien, ne",(n.),电工,133
électrique,(adj.),电的,104
électro-ménager,(n.m.),家用电器,188
électrophone,(n.m.),唱机,144
"élégant, e",(adj.),"漂亮的、高雅的",88
éléphant,(n.m.),象,70
éleveur,(n.m.),"饲养员、饲养牲畜的人",66
élire,(v.t.),选举,61
emballer,(v.t.),"包扎、打包、装箱",180
embarquer,(v.t.),"上船、登机、上火车",214
embouteillage,(n.m.),"交通堵塞、堵车",218
embrasser (s'),(v.pron.),"亲吻、接吻",2
émission,(n.f.),节目,144
emménager,(v.i.),迁入新居,108
emmener,(v.t.),带走(人),200
émotion,(n.f.),"激动、冲动",28
emphatique,(adj.),夸张的,160
employé,(n.m.),职员,134
emprunt,(n.m.),"借入、借贷",170
emprunter,(v.t.),借入,170
éprouver,(v.t.),感到,29
"épuisé, e",(adj.),"疲惫不堪的、精疲力竭的",80
équateur,(n.m.),赤道,52
"équilibré, e",(adj.),"平衡的、均衡的",162
équipage,(n.m.),"全体乘务员、全体船员、机组",214
équipe,(n.f.),"小组、队",204
"équipé, e",(adj.),配备的,104
équitation,(n.f.),驾车,204
équivalent,(n.m.),"同等、对等、相等","224, 86"
erreur,(n.f.),"错误、过失",152
escalade,(n.f.),攀登,206
escale,(n.f.),"中途着陆、中途停靠",228
escalier,(n.m.),楼梯,102
escalope,(n.f.),"肉片、鱼片(通常是比较大的)",176
escargot,(n.m.),蜗牛,68
escarpin,(n.m.),薄底高跟皮鞋,94
espèces,(n.f. pl.),现金,166
essayage,(n.m.),"(服饰)试样、试衣",98
essayer,(v.t.),尝试,98
essence,(n.f.),汽油,216
"essentiel, le",(adj.),"基本的、主要的",46
essuyer (s'),(v.pron.),"擦干、擦净",116
essuyer,(v.t.),"擦、揩",114
est,(n.m.),"东、东方",52
esthéticienne,(n.f.),美容师,133
estimation,(n.f.),"估价、估计、估算",108
estomac,(n.m.),胃,76
estragon,(n.m.),龙蒿,176
estuaire,(n.m.),(受涨、落潮影响的)江河口,54
établir,(v.t.),建立,171
établissement,(n.m.),机构,168
étage,(n.m.),"层、楼层",102
étagère,(n.f.),"搁板、架子",106
état,(n.m.),"国家、状态",48
été,(n.m.),夏季,34
éteindre,(v.t.),"熄灭、关机",140
étendre,(v.t.),"铺开、展开",118
"étendu, e",(adj.),"宽广的、广阔的",54
éternuer,(v.t.),打喷嚏,6
étiquette,(n.f.),"标签、签条",180
étoile,(n.f.),"星、星星",52
"étoilé, e",(adj.),布满星星的、星光灿烂的,54
être muni de,(v.),"配备、拥有",10
étude,(n.f.),"事务所、办公楼",135
"étudiant, e",(n.),大学生,122
"eurasien, ne",(adj.),"欧亚大陆的、欧洲人与亚洲人的混血儿",14
euro,(n.m.),欧元,166
éventuellement,(adv.),"可能、或许、如有必要",190
"évident, e",(adj.),明显的,38
évier,(n.m.),"洗碗池、水斗",104
éviter,(v.t.),避免,192
examen,(n.m.),考试,122
"excellent, e",(adj.),"出色的、精彩的",128
"exceptionnel, le",(adj.),"杰出的、非凡的、了不起的",160
exclusivement,(adv.),"专心地、唯一地",94
excursion,(n.f.),"远足、游览",228
excuser,(v.t.),原谅,154
ex-femme,(n.f.),前妻,26
"exigeant, e",(adj.),"苛刻的、要求高的",128
exilé,(n.m.),"流放者、流亡者",14
ex-mari,(n.m.),前夫,26
exotique,(adj.),"外国的、异国情调的",11
"expérimenté, e",(adj.),有经验的,133
explication,(n.f.),解释,154
express,(n.m.),"蒸馏咖啡、浓缩咖啡",192
"exquis, e",(adj.),"精美的、精致的",194
extraordinaire,(adj.),"特别的、奇特的",160
"fabuleux, se",(adj.),"神奇的、令人惊异的",160
fac,(n.f.),(大学的)系,25
facture,(n.f.),发票,142
faculté,(n.f.),(大学的)分科、系,122
fade,(adj.),"平淡的、无味的",194
faim,(n.f.),饥饿,80
faire-part,(n.m.),"喜帖、讣闻",24
falaise,(n.f.),(海岸的)峭壁、绝壁,54
"fameux, se",(adj.),著名的,194
"familial, e, -aux",(adj.),"家庭的、家族的",18
faner (se),(v.pron.),"枯萎、凋谢",60
fantastique,(adj.),"奇异的、令人难以置信的",160
farine,(n.f.),面粉,189
"fatigué, e",(adj.),疲劳的,80
"fatigué, e",(adj.),"疲劳的、累的","4, 80"
"fauché, e",(adj.),"没钱的、身无分文的",172
faute,(n.f.),"错误、过失",128
fauteuil,(n.m.),扶手椅,104
"faux, sse",(adj.),假的,88
"favori, ite",(adj.),"偏爱的、心爱的",188
fax,(n.m.),传真,142
faxer,(v.t.),发传真,142
félicitation,(n.f.),祝贺,6
femme,(n.f.),"妻子、女人",18
"férié, e",(adj.),"节日的、节庆的",34
ferme,(n.f.),农庄,56
"fermier, ère",(n.),"农场主、农民",134
féroce,(adj.),"凶残的、残忍的",70
fesse,(n.f.),"臀部、屁股",74
fête,(n.f.),节日,"24, 202"
feu,(n.m.),火,176
feuille,(n.f.),"叶、树叶、花瓣",60
feutre,(n.m.),水笔,124
feux d'artifice,(n.m. pl.),焰火,35
février,(n.m.),二月,34
fiche-horaire,(n.f.),"时间表、时刻表",212
fichier,(n.m.),"文件、数据集",140
figure,(n.f.),脸,78
fil,(n.m.),"线、导线、电话线",142
filet,(n.m.),"网、球网",204
fille,(n.f.),女儿,18
fils,(n.m.),儿子,18
fin,(n.f.),"结束、尽头",36
"fin, e",(adj.),"精细的、细腻的",78
finalement,(adv.),"最后地、最终地",151
finlande,(n.f.),芬兰,13
finnois,(n.m.),芬兰语,13
"fiscal, e, -aux",(adj.),"税收的、税务的",178
fixe,(adj.),"不变的、稳定的",46
flacon,(n.m.),"小瓶、小瓶的容量",180
"flambé, e",(adj.),火烧的,195
flanc,(n.m.),"侧翼、肋部",56
fleur,(n.f.),花,60
fleurir,(v.i.),开花,60
fleuriste,(n.),"种花的人、卖花的人",134
fleuve,(n.m.),(通往大海的)江、河、川,48
foie,(n.f.),肝,76
fonctionnaire,(n.),"公职人员、公务员",134
fond,(n.m.),"底部、原本耐力",206
fondre,(v.t.),融化,28
football,(n.m.),足球,204
force,(n.f.),"力量、力",70
forêt,(n.f.),"林、森林",56
forfaitaire,(adj.),"承包的、统包的",224
formalité,(n.f.),"手续、程序",224
forme,(n.f.),"形状、外表、身体或精神状态","80, 98"
formidable,(adj.),"极好的、出色的",160
formulaire,(n.m.),表格,170
formule,(n.f.),"表达法、措辞、惯用语、格式、公式",46
"fortuné, e",(adj.),"有钱的、有财产的",172
"fou, fol, folle",(adj.),疯狂的,26
foudre,(n.f.),"雷电、霹雳",24
fouet,(n.m.),"鞭子、打蛋机",188
foulard,(n.m.),"绸巾、丝巾、头巾",96
foule,(n.f.),人群,214
four,(n.m.),"烤炉、烤箱",104
fourmi,(n.m.),蚂蚁,68
fourrure,(n.f.),"毛皮、皮衣",94
fragile,(adj.),"脆弱的、虚弱的",76
"frais, fraîche",(adj.),"新鲜的、凉爽的","46, 178"
fraise,(n.f.),草莓,62
framboise,(n.f.),覆盆子,62
franc,(n.m.),法郎,166
franchement,(adv.),"坦率地、直截地",162
frange,(n.f.),"丝绦、流苏、短发",88
frein,(n.m.),刹车,216
freiner,(v.i.),刹车,216
frère,(n.m.),兄弟,18
frères jumeaux,(n.m.),孪生兄弟,20
frigo,(n.m.),电冰箱,"104, 191"
Word,Type,Meaning,Page
"frisé, e",(adj.),"卷曲的、卷起的",88
"froid, e",(adj.),"冷的、寒冷的；冷淡的、冷冰冰的","46, 162"
fromage,(n.m.),奶酪,"66, 176"
fromagerie,(n.f.),"奶酪厂、奶酪店",176
froncer,(v.t.),"皱、蹙",75
front,(n.m.),前额,74
frontière,(n.f.),"国境、边境",224
frotter,(v.t.),"擦、摩擦",106
fruit,(n.m.),"果实、水果、成果",62
fruitier,(adj.),结果子的,62
fuir,(v.i.),"逃跑、躲避",15
fuite,(n.f.),"漏、泄漏、流失",106
"fumé, e",(adj.),"烟熏的、熏制的",176
"fumeur, se",(n.),"吸烟者、抽烟的人",212
gagner,(v.t.),"挣得、赢得",172
"gai, e",(adj.),快乐,28
galet,(n.m.),卵石,54
gant,(n.f.),手套,96
garage,(n.m.),车库,104
garagiste,(n.m.),"汽车维修店主人、汽车修理铺经营者",216
garantie,(n.f.),"保证、担保",108
garçon,(n.m.),男孩,21
Gard,(n.m.),加尔(省),12
garde,(n.f.),"监狱(小房子)、守卫、值班室",27
gardien,(n.m.),"守门员、门卫","102, 136, 204"
gare,(n.f.),火车站,212
garer,(v.t.),停车,218
gasoil,(n.m.),"粗柴油、重质油",216
gastronome,(adj.),美食的,192
gâteau,(n.m.),"糕点、甜点、点心","79, 176"
gaz,(n.m.),"气体、煤气、天然气",104
gazon,(n.m.),"细草、草地、草坪",60
geler,(v.t.),"冰冻、结冰",48
gendre,(n.m.),女婿,18
"général, e",(adj.),"总体的、一般的",74
"généreux, se",(adj.),"慷慨的、宽宏大量的、大度的","78, 161"
générosité,(n.f.),"慷慨、宽厚",161
"génial, e",(adj.),"天才的、才华横溢的",160
genou,(n.m.),膝盖,74
"gentil, le",(adj.),"可爱的、讨人喜欢的、亲切的、和蔼的",66
gentillesse,(n.f.),"亲切、和蔼、客气",161
géographie,(n.f.),地理学,126
géographique,(adj.),地理的,14
géranium,(n.m.),"老鹳草、天竺葵",60
gerbe,(n.f.),花束,28
geste,(n.m.),"动作、姿势、举止",160
gibier,(n.m.),野味,68
gigot,(n.m.),羊腿,176
gilet,(n.m.),"背心、坎肩",92
gin,(n.m.),"杜松子酒、金酒",175
girafe,(n.f.),长颈鹿,70
givre,(n.m.),霜,48
glace,(n.f.),"冰激凌、镜子、冰","48, 116, 176"
glaçon,(n.m.),"冰块、小冰块",49
globe,(n.m.),"球、球体；地球",52
gomme,(n.f.),橡皮,124
"gourmand, e",(adj.),"爱吃佳肴的、贪吃美食的",188
goût,(n.m.),味觉,78
goûter,(n.m.),(下午吃的)点心,190
goûter,(v.t.),品尝,78
goutte,(n.f.),"滴、一点儿",48
gradin,(n.m.),阶梯座位,204
grain,(n.m.),"颗粒、谷子",88
grammaire,(n.f.),语法,126
grandir,(v.i.),"成长、变大",20
grand-mère,(n.f.),"祖母；外祖母",18
grand-père,(n.m.),"祖父；外祖父",18
grands-parents,(n.m. pl.),"祖父母；外祖父母",18
grappe,(n.f.),"串、束",62
"gratuit, e",(adj.),免费的,"122, 218"
grêler,(v.),下冰雹,48
grenier,(n.m.),"阁楼、顶楼",102
grenouille,(n.f.),蛙,68
griffer,(v.t.),"抓、划破",66
grille-pain,(n.m.),烤面包机,188
"gris, e",(adj. et adv.),"灰色；阴沉",46
gris-vert,(adj.),绿灰色的,88
"gros, sse",(adj.),"胖的、厚的、粗的",84
grossir,(v.i.),"变粗、变胖",85
Guatemala,(n.m.),危地马拉,14
guêpe,(n.f.),胡蜂,68
guichet,(n.m.),"营业窗口、售票口",170
guide,(n.m.),"向导、导游",228
gym,(n.f.),体操,76
gymnase,(n.m.),体操馆,"124, 206"
gymnastique,(n.f.),体操,"84, 206"
habiter,(v.i.),"居住、住所",108
"haché, e",(adj.),"切细的、剁碎的",176
haine,(n.f.),仇恨,26
haïr,(v.t.),仇恨,26
hall,(n.m.),大厅,214
hameau,(n.m.),"小村庄、农舍群",56
hanche,(n.f.),"臀部；髋关节",74
hand-ball,(n.m.),手球,204
haricot,(n.m.),"菜豆、豇豆、刀豆",62
hasard,(n.m.),偶然,78
hausser,(v.t.),"提高、抬高",75
"haut, e",(adj.),高的,54
hauteur,(n.f.),高度,204
haut-parleur,(n.m.),"扬声器、喇叭",144
hebdomadaire,(adj.),"周周的、每星期的",178
hébreu,(n.m.),希伯来语,13
hémisphère,(n.m.),半球,52
herbe,(n.f.),草,176
heure,(n.f.),"点钟；小时",34
"heureux, se",(adj.),"幸福的、快乐",66
hi-fi,(n.f.),"高保真音响(设备)、立体声音响(设备)",144
hindi,(n.m.),印度语,13
hippique,(adj.),"马的、赛马的",204
hirondelle,(n.f.),燕子,70
histoire,(n.f.),历史,126
hiver,(n.m.),冬季,34
"hollandais, e",(adj. et n.),荷兰的,61
homard,(n.m.),"龙虾、螯虾",176
Honduras,(n.m.),洪都拉斯,13
honneur,(n.m.),"尊严、名誉、敬意",108
honoraires,(n.m.pl.),(医生、律师等)自由职业者的酬金,172
hôpital,(n.m.),医院,134
horaire,(adj.),时间的,36
horaire,(n.m.),"作息时间表、(工作)时间表",137
horreur,(n.f.),"恐惧、厌恶",84
"hôtelier, ère",(n.),"旅馆老板、客栈主人",224
"hôtesse, n.f.",,"女接待员、女招待员、女服务员",132
housse,(n.f.),"(保护家具、衣物等的)罩、套、罩子、帆布面",104
huile,(n.m.),油,54
huître,(n.f.),"牡蛎；蜗牛",176
"humain, e",(adj.),"人的、人类的",74
humeur,(n.f.),"情绪、性格",4
humide,(adj.),"潮湿的、湿润的",46
humour,(n.m.),"幽默、诙谐",160
hypocrite,(adj.),"虚伪的、伪善的",162
idée,(n.f.),"想法、念头、主意",25
identité,(n.f.),身份,168
"idiot, e",(adj.),"门痴的、傻的",160
île,(n.f.),"岛、岛屿",52
immangeable,(adj.),"不能食用的、难吃的",194
immédiatement,(adv.),"立即、即刻",133
immense,(adj.),巨大的,"11, 84"
immeuble,(n.m.),"房屋、大楼、大厦",102
immigré,(n.m.),入境移民,14
"immobilier, ère",(adj.),"不动的、房产的",108
imperméable,(n.m.),雨衣,92
"impoli, e",(adj.),无礼的,2
impôt,(n.m.),"税、税收",172
imprimante,(n.f.),打印机,140
imprimé,(n.m.),印花布,94
"imprimé, e",(adj.),印花的,94
imprimer,(v.t.),印刷,140
inca,(adj. inv.),"印加的；印加人",11
"incertain, e",(adj.),"易变的、拿不准的",46
incinération,(n.f.),火化,28
incinérer,(v.t.),火化,28
incroyable,(adj.),难以置信的,161
"indépendant, e",(adj.),"独立的、单独的、不受约束的",162
"indicatif, ve",(adj.),"指示的、表示的",142
indication,(n.f.),指示,21
"indien, ne",(adj.),"印度的、印第安的；印度人、印第安人","10, 200"
indifférence,(n.f.),"冷漠、无动于衷",28
"indifférent, e",(adj.),"无动于衷、不感兴趣",28
"indiscipliné, e",(adj.),不守纪律的,128
"inférieur, e",(adj.),下级的,74
"infirmier, e",(n.),护士,"36, 133"
"informaticien, ne",(n.),"电脑专家、信息处理专家、计算专家",140
informatique,(adj.),"信息学的、计算技术的",133
informatiser,(v.t.),"用电脑处理、便信息化",140
infusion,(n.f.),"泡制；浸剂",192
ingénieur,(n.m.),工程师,132
inondation,(n.f.),"淹没、水灾、洪水",48
inonder,(v.t.),淹没,48
insecte,(n.m.),昆虫,68
insister,(v.i.),"强调、坚持",132
"inspecteur, n.m.",(n.),"视察员、检查员",135
installer (s'),(v.pron.),定居,56
installer,(v.t.),"树立、建立",224
"instituteur, trice",(n.),小学教师,122
"insultant, e",(adj.),侮辱性的,2
insupportable,(adj.),"难以忍受的、讨厌的",46
intellectuel,(n.),知识分子,134
intelligence,(n.f.),智慧,76
"intelligent, e",(adj.),"聪明的、机敏的",160
intention,(n.f.),"意图、打算、目的",96
"interdit, e",(adj.),禁止的,218
intéresser (s'),(v.pron.),对...感兴趣,21
intérêt,(n.m.),利息,170
intérieur,(n.m.),内部,2
interphone,(n.m.),"内线电话、对讲电话",102
interprète,(n.),"译员、口译者",132
interroger,(v.t.),"询问、查证、提问、盘问","128, 140"
interrompre,(v.t.),"中断、打断",156
intervenir,(v.i.),"介入、参与、干涉",156
intestin,(n.m.),肠,76
introduire,(v.t.),"引进、放入",140
intrus,(n.m.),"擅自闯入者、入侵者",27
inverse,(n.m.),"相反的事、反面",132
inviter,(v.t.),邀请,150
Iran,(n.m.),伊朗,13
"irrégulier, ère",(adj.),"不规则的、无规律的；不稳定的",137
"islandais, e",(adj.),"冰岛的；冰岛人",10
Israël,,以色列,13
itinéraire,(n.f.),"线路、路线",224
oral,(n.m.),"口头、口试",128
orange,(n.f.),"柑、橘、橙",62
oranger,(n.m.),橘树,62
orchestre,(n.m.),交响乐队,29
ordinateur,(n.m.),"电脑、计算机",140
ordonnance,(n.f.),"药方、处方",178
ordre,(n.m.),接受支票、商业票据的指定人,168
ordure,(n.f.),垃圾,104
oreille,(n.f.),耳朵,62
oreiller,(n.m.),枕头,104
organe,(n.m.),器官,76
"organisé, e",(adj.),组织的,228
originaire,(adj.),"原产于...、出生于...",14
"orphelin, e",(n.),孤儿,28
orteil,(n.m.),脚趾,62
orthographe,(n.f.),"正字法、写法",126
os,(n.m.),骨,62
ouest,(n.m.),"西、西方",52
ouïe,(n.f.),听觉,78
ouragan,(n.m.),飓风(风速每小时超过116公里),48
ours,(n.m.),熊,70
outil,(n.m.),工具,"62, 104"
"ouvert, e",(adj.),"公开的、开放的、开朗的",162
ouvre-boîte,(n.m.),"开罐头的刀、开瓶刀",188
"ouvrier, ère",(n.),工人,134
paiement,(n.m.),"支付、付款",166
paire,(n.f.),"一双、一对",94
paix,(n.f.),和平,70
pâle,(adj.),苍白的,84
palier,(n.m.),楼梯平台,102
pamplemousse,(n.f. ou n.m.),柚子,62
panier,(n.m.),"篮、筐",180
panne,(n.f.),故障,"102, 216"
panoplie,(n.f.),全副铠甲,200
pantalon,(n.m.),"裤子、长裤",92
pantoufle,(n.f.),拖鞋,178
pape,(n.m.),教皇,162
papeterie,(n.f.),"文具店、造纸厂",178
papier,(n.m.),纸,102
papillon,(n.m.),蝴蝶,68
paquet,(n.m.),"包、捆、束",180
paquet-cadeau,(n.m.),礼品包装袋,180
paraître,(v.i.),"显现、出现",86
parapluie,(n.m.),雨伞,96
parasol,(n.m.),阳伞,226
parcmètre,(n.m.),计时收费停车器,218
parcourir,(v.i.),"跑遍、走遍",228
par-dessus,(loc. prép.),在...上面,78
parent éloigné,(n.m.),远亲,20
parent proche,(n.m.),近亲,20
parents,(n.m. pl.),"父母、双亲",18
"paresseux, se",(adj.),懒惰的,"128, 160"
parfois,(adv.),"有时、有时",2
parfumer (se),(v.pron.),"口洒香水",116
parking,(n.m.),停车场,218
parole,(n.f.),"话、语言",71, 154
parquet,(n.m.),"地板、镶木地板",106
partager,(v.pron.),"分、分配",172
parterre,(n.f.),"花坛、花圃",60
participer,(v.t.),参加,204
partie,(n.f.),"活动、游戏、做、一部分、局部","76, 200"
passage,(n.m.),"通过、过道",212
passager,(ère (n.)),"乘客、旅客",214
passeport,(n.m.),护照,224
passer (se),(v.pron.),发生、举行,28
"passif, ve",(adj.),"被动的、消极的、缺乏活力的",128
passion,(n.f.),激情,24
passoire,(n.f.),"滤器、漏勺、滤锅",188
pastis,(n.m.),茴香酒,176
pâte,(n.f.),"面条、面团",11
pâté,(n.m.),"肉酱(猪肉馅饼、兔肉或猪肉)",176
patience,(n.f.),耐心,160
patient,(e (adj.)),"有耐性的、能忍耐的",160
patienter,(v.i.),"忍受等待",152
patin,(n.m.),溜冰鞋,206
patinage,(n.m.),滑冰,206
patineur,(n.m.),溜冰者,206
patinoire,(n.m.),溜冰场,206
pâtisserie,(n.f.),糕点,176
pâtissier,(ère (n.)),糕点师,176
patron,(ne (n.)),老板,134
patte,(n.f.),爪子,66
payant,(e (adj.)),收费的,"122, 218"
payer,(v.t.),"付、支付",108
péage,(n.m.),收费口,218
peau,(n.f. ),皮肤,"71, 76"
pêche,(n.f.),桃子,62
pêcher,(n.m.),桃树,62
pédale,(n.f.),"踏板、脚蹬",216
pédaler,(v.i.),"蹬自行车、骑自行车",204
peigne,(n.m.),梳子,116
peigner (se),(v. (b)),"梳头",116
peignoir,(n.m.),浴袍,92
peine,(n.f.),"担心、操心、痛苦、痛苦",28, 150
"peint, e",(adj.),"上了颜色的、有色的",102
pellicule,(n.f.),胶卷,224
pelouse,(n.f.),"草地、草坪",207
pendant,(prép.),在......时间内,21
pendant que,(loc. conj.),当......时,114
penderie,(n.f.),挂衣服的壁橱或小室,104
pendre,(v.t. ),"挂、悬挂",108
pensée,(n.f.),思想,76
penser,(v.i.),思想,76
pension,(n.f.),"养老金、补助金",134
pente,(n.f.),"斜坡、山坡",56
percevoir,(v.t.),"征收、收取",172
perdre,(v.t.),"丧失、丢、遗失","28, 76"
père,(n.m.),父亲,18
perfectionner (v.t.),"完善、改进",135
"perforé, e",(adj.),打孔的,124
Périgord,(n.m.),佩里戈尔(旧地区名),12
périphérie,(n.f.),"城市的外围、市郊",180
"permanent, e",(adj.),"长期的、永久的",140
permanente,(n.f.),烫发,176
permettre,(v.t.),允许,4
permis,(n.m.),"证书、许可证、执照",216
perroquet,(n.m.),鹦鹉,70
persan,(n.m.),波斯语,106
persil,(n.m.),香芹,176
personnalité,(n.f.),性格特点,160
personne âgée,(n.f.),老年人,20
peser,(v.t.),称、过磅,84
peseta,(n.m.),比塞塔(西班牙货币单位),170
petite-fille,(n.f.),"孙女、外孙女",18
petit-enfant,(n.m.),小孩子,18
petit-fils,(n.m.),"孙子、外孙",18
peut-être,(adv.),也许,190
phare,(n.m.),"灯塔、(汽车的)头灯、大灯",216
"pharmacien, ne",(n.),"药剂师、药剂员、药店老板",178
philosophie,(n.f.),哲学,126
physique,(n.f.),物理,126
pie,(n.f.),喜鹊,162
pièce,(n.f.),"房间、硬币","102, 166"
pied,(n.m.),足、脚,74
piéton,(n.m.),行人,218
pigeon,(n.m.),鸽子,70
pile,(adv.),"非常精确地、精确地、正好",38, 114
piloter,(v.t.),"驾驶、操纵",204
piment,(n.m.),辣椒,194
pincer (se),(v.pron.),夹住,75
ping-pong,(n.m.),乒乓球,202
pique-niquer,(v.i.),野餐,191
piquer,(v.t.),"血、刺、搅、打针、注射",68
piqûre,(n.f.),"(由、蛇咬或者刺破的)小伤口、注射、打针",68
piscine,(n.f.),游泳池,94, 206
pistache,(n.f.),开心果,192
piste,(n.f.),"通常跑道、田径跑道、赛道、赛车道",206
pittoresque,(adj.),"优美的、别致的、绚丽多采的",108
pizza,(n.m.),比萨饼,194
placard,(n.m.),壁橱,104
plafond,(n.m.),天花板,102
plage,(n.f.),海滩,54
plaine,(n.f.),平原,56
plaisanter,(v.i.),"开玩笑、说笑话",154
plaisir,(n.m.),"乐趣、高兴、愉快",150
plan,(n.m.),地图,224
planche,(n.f.),木板、案板,188
planète,(n.f.),行星,52
planter,(v.t.),裁种、种植,60
plaque,(n.f.),板、片,180
plastique,(adj.),塑料的,191
plat,(n.m.),"菜肴、餐具、盒子",190
"plat, e",(adj.),"平的、平坦的",93
plateau,(n.m.),"托盘、高地、高原","188, 190"
plate-bande,(n.f.),花坛,60
platine,(n.f.),"唱机的转盘、唱机",144
plein,(n.m.),(汽车油箱的)满油量,216
pleurer,(v.i.),哭,28
pleuvoir,(v.i.),下雨,48
plier,(v.t.),折、折叠,118
plissé,(e (adj.)),"起皱的、有褶子的",92
plomberie,(n.f.),白铁管管道,108
plombier,(n.m.),"白铁工、铅管匠、管子工",132
plume,(n.f.),羽毛,70
pluvieux,(se (adj.)),"下雨的、多雨的",46
poêle,(n.f.),平底锅,188
poids,(n.m.),"重量、份量",84
poignet,(n.m.),手腕,74
poil,(n.m.),毛,74
point,(n.m.),"点、地点、桌点、小圆点","52, 156"
pointe,(n.f. ),"(活动或消耗量的)峰值、最大量、最高值",214
pointure,(n.f.),"鞋(帽、手套)的号码、尺寸",98
poire,(n.f.),梨,62
poireau,(n.m.),"韭葱、大葱",62
poirier,(n.m.),梨树,62
pois,(n.m.),豌豆,94
poisson,(n.m.),鱼,"68, 176"
poissonnerie,(n.f.),"鱼铺、水产市场",176
"poissonnier, ère",(n.),鱼贩、鱼商,176
poitrine,(n.f.),"胸部、胸脯",74
poivre,(n.m.),胡椒,88
poivrière,(n.f.),胡椒瓶,190
poivron,(n.m.),"甜椒、灯笼椒",182
Polo,(n.m.),翻领运动衫,92
pomme,(n.f.),苹果,62
pomme de terre,(n.f.),土豆、马铃薯,62
pommier,(n.m.),苹果树,62
pondre,(v.t.),下蛋,66
pont,(n.m.),"桥、甲板、连体衣","34, 214"
porc,(n.m.),"猪、猪肉",176
port,(n.m.),"港口、码头","54, 214"
portail,(n.m.),"正门、大门",102
porte,(n.f.),门,102
portefeuille,(n.m.),皮夹子、钱包,"71, 166"
portemanteau,(n.m.),衣帽搁、衣帽架,102
porte-monnaie,(n.m.),"钱包、小皮夹",166
porte-serviette,(n.m.),毛巾架,106
portière,(n.f.),车门,216
porto,(n.m.),波尔图葡萄酒,176
portrait,(n.m.),肖像,161
portugais,(e (adj.)),"葡萄牙的、葡萄牙人",14
posséder,(v.t.),拥有,69
"postal, e, -aux",(adj.),邮政的,170
poste,(n.m.),收音机、电视机,144
pot,(n.m.),"罐、坛、瓶、缸、坛",180
potable,(adj.),可饮用的,192
potage,(n.m.),浓汤,190
potager,(n.m.),菜园,62
"potager, ère",(adj.),"可作菜的、可烹饪的",62
pou,(n.m.),虱子,68
poubelle,(n.f.),"垃圾箱、垃圾桶",104
poule,(n.f.),"母鸡、雌鸡",66
poulet,(n.m.),"母鸡肉、童子鸡肉",66
poumon,(n.m.),肺,76
poupée,(n.f.),"布娃娃、玩具娃娃、玩偶","96, 200"
pour toujours,(loc. adv.),永远地、永久地,15
pourboire,(n.m.),小费,192
pousser,(v.i.),"生长、推动",60
poussière,(n.f.),灰尘,118
prairie,(n.f.),"牧场、草地、草原",56
pré,(n.m.),牧场、草原,56
précieux,(se (adj.)),珍贵的,171
"précis, e",(adj.),"准确的、精确的","14, 38"
précisément,(adv.),"明确地、确切地、恰好",188
prendre,(v.t.),拿、拿、取,"40, 54, 84"
préparatif,(n.m.),准备活动,224
préparer (se),(v.pron.),准备、做准备,114
près de,(loc. prép.),"近、不远",66
présentation,(n.f.),介绍,2
président,(n.m.),总统,61
presse-agrumes,(n.m.),柑橘榨汁器,188
pressing,(n.m.),干洗店,176
pression,(n.f.),压力,194
prêter,(v.t.),借出,172
"prévu, e",(adj.),"预见的、预定的、预料的",150
primaire,(adj.),"初级的、初等的、阶段的",122
"principal, e, -aux",(adj.),主要的,192
printemps,(n.m.),春季,34
pris,(e (adj.)),"忙碌的、有事的",150
prison,(n.f.),监狱,108
"privé, e",(adj.),"私有的、民营的",122
privilégier,(v.t.),给于优越,134
problème,(n.m.),"问题、难题",21
prochain,(e (adj.)),"下一个的、即将到来的、距离最近的",34
produit,(n.m.),产品,116
professeur,(n.m.),教授、教授,122
profession,(n.f.),职业,132
professionnel,(le (adj.)),"职业的、专业的",122
professionnel,(le (adj.)),"专业的、职业的",2
profiter,(v.t.),利用,200
profondeur,(n.f.),深度,162
programme,(n.m.),"节目、目录、日程表",144
programmeur,(se (n.)),程序设计员、程序员,137
progrès,(n.m.),进步,128
progressivement,(adv.),逐渐地,54
projet,(n.m.),计划,154
promener (se),(v.pron.),散步,200
promener,(v.t. ),"领着...散步、带着...溜达",66
promotion,(n.f.),"晋升、推荐、促销","6, 135, 180"
proposer (v.t.),"建议、提议","99, 150"
propre,(adj.),干净的,88
proprement,(adv.),"干净地、整洁地、好好地",67
propriétaire,(n.m.),"所有者、物主、房东",108
provenance,(n.f.),来源,进处,212
Provence,(n.f.),普罗旺斯,12
"provincial, e",(adj. et n.),外省的,14
provision,(n.f.),"储备(品)、储蓄、储存、保证金","104, 170"
"prudent, e",(adj.),"谨慎的、慎重的",160
prune,(n.f.),李子,62
prunier,(n.m.),李树,62
psychologie,(n.f.),心理学、心理,126
"public, que",(adj.),"公立的、国家的",122
publicité,(n.f.),"广告",135
puer,(v.i.),发出臭味、发出难闻的气味,78
puissance,(n.f.),"权威、威力、力量",70
pull-over,(n.m.),V字领毛衣,92
pureté,(n.f.),纯洁,70
pyjama,(n.m.),睡衣,92
pyramide,(n.f.),埃及金字塔,11
Pyrénées,(n.f. pl.),比利牛斯山,12
quai,(n.m.),月台、站台,212
qualité,(n.f.),"优点、素质","162, 182"
quantité,(n.f.),"数量、分量",56
quart,(n.m.),一刻,38
question,(n.f.),问题,154
queue,(n.f.),尾巴,66
quiche,(n.f.),猪油火腿陷饼,176
quitter,(v.t.),离开,26
quotidien,(n.m.),日报,176
"quotidien, ne",(adj.),每天的,38
raccrocher,(v.t.),"重新挂上、挂断电话",142
racine,(n.f.),根、根部,60
raconter,(v.t.),讲述、叙述,154
radiateur,(n.m.),"热气、散热器",104
radieux,(se (adj.)),"阳光灿烂的、绚丽的",46
"radin, e",(adj.),"小气的、毛不拔的、吝啬的",172
radis,(n.m.),小红萝卜,180
raid,(adj.),"倔强的、僵硬的",84
raisin,(n.m.),葡萄,62
raison,(n.f.),理由,道理,156
ralentir,(v.t.),减速,216
rallye,(n.m.),汽车(拉力)赛,204
ramasser,(v.t.),"收集、拾起",118
ramener,(v.t.),"送返回去、送回去",150
randonnée,(n.f.),"出游、远足、远距离散步","56, 206"
randonneur,(n.m.),"山游者、远足者",206
ranger,(v.t.),整理,102
rappeler (v.t.),再次打电话,142
raquette,(n.f.),球拍,102
"ras, e",(n.m.),"短发、齐根、贴近",92
raser (se),(v.pron.),"剔须、刮脸、刷脸",77
rasoir,(n.m.),剃须刀,116
rater,(v.i.),"失败、受挫",128
rater,(v.t.),"未赶上、错过",212
ravager,(v.t.),"破坏、踩踏、毁坏",48
ravissant,(e (adj.)),"极美的、迷人的、令人陶醉的",86
rayon,(n.m.),"柜台、货架","92, 180"
rayure,(n.f.),划线、条纹,"71, 94"
réaliste,(adj.),"注重现实的、注重的、实际的",78
réalité,(n.f.),"现实、实际",54
rebord,(n.m.),"边、边缘",106
recaler,(v.t.),"(恰恰)考试不及格、在考试中淘汰",128
recette,(n.f.),"烹饪法、调调法",188
réciter,(v.t.),"朗诵、背诵",128
récolte,(n.f.),收获,62
réconciliation,(n.f.),调解、和解,26
réconcilier (v.t.),调解、和解,26
record,(n.m.),纪录,202
récréation,(n.f.),"课间休息、课间自由活动",125
reculer,(v.t.),后退,216
redoubler,(v.t.),"重复、留级、复读","122, 128"
"réduit, e",(adj.),"缩小的、缩减的",54
réfléchir,(v.t.),"思考、考虑",76
refuge,(n.m.),"高山小屋、避难所",56
réfugié,(n.m.),难民、避难者,14
refuser,(v.t.),"拒绝","27, 150"
régaler (se),(v.pron.),"饱餐美食、享受丰富的酒菜",194
regard,(n.m.),"目光、眼神",78
regarder,(v.t.),"看、注视",78
régime,(n.m.),饮食制度、特定食谱,78
région,(n.f.),地区,12
régional,(e, aux (adj.)),地区的,212
registre,(n.m.),"音调、笔调",38
règle,(n.f.),尺寸,124
règlement,(n.m.),结清、付款,166
régler,(v.t.),付款,180
regretter,(v.t.),后悔、感到遗憾,152
régulièrement,(adv.),有规律地,110
rein,(n.m.),肾脏,76
réjouir,(v.t.),高兴,28
relevé,(n.m.),抄录清单,170
"relevé, e",(adj.),"浓味的、味辣的",194
"religieux, se",(adj.),宗教的,24
remarier (se),(v.pron.),再婚,27
rembourser,(v.t.),"偿还、清偿",170
remerciement,(n.m.),感谢,4
Remis,,里斯,13
remonte-pente,(n.m.),(把滑雪者送上山坡的)吊缆,206
remonter,(v.i.),逆流而上,54
rempli,(e (adj.)),装满的,104
remplir,(v.t.),填、充满,168
rencontrer (se),(v.pron.),见面,24
rendez-vous,(n.m.),约会,39
Renne,,雷诺,13
renseignements,(n.m.pl.),"询问、询问、向...提供情况",98
renseigner (v.t.),"告诉我、问...提供",66
rentrée,(n.f.),开学、返回,124
réparer,(v.t.),"修理","102, 216"
répondeur,(n.m.),(电话)自动应答器、自动回答器,142
répondre,(v.t.),回答,142
repos,(n.m.),休息,80
reposer (se),(v.pron.),休息,228
république,(n.f.),共和国,61
réputé,(e (adj.)),"著名的、有名的",188
réseau,(n.m.),网络,140
réservation,(n.f.),预定,212
réservé,(e (adj.)),"谨慎的、克制的、持重的",162
réserver,(v.t.),预定,192
résidence,(n.f.),"住所、住处",108
résister,(v.t.),"抵制、抵抗",87
respecter,(v.t.),"尊重点、尊重",204
respiration,(n.f.),呼吸,76
respirer,(v.i.),"呼吸、曝鼠、松口气",76
responsabilité,(n.f.),"责任、职责",135
retirer,(v.t.),"提取、取出、脱去","96, 168"
retraité,(e, n.),退休者,134
réunion,(n.f.),会议,37
réussir,(v.i.),成功,128
réussite,(n.f.),成功,6
rêve,(n.m.),梦,29
réveil,(n.m.),闹钟,104
revenu,(n.m.),收入,172
révision,(n.f.),整修,216
revue,(n.f.),杂志,178
rez-de-chaussée,(n.m.),底楼,102
ride,(n.f.),皱纹,86
ridé,(e (adj.)),起皱纹的,86
rideau,(n.m.),"帘、帷、幔",104
rien,(n.m.),没有什么东西、微不足道的资料,182
rincer (se),(v.pron.),冲洗,116
ring,(n.m.),"拳击场、摔跤场",206
rire,(n.m.),笑,28
rire (v.i.),笑,28
risque,(n.m.),危险,风险,56
rivage,(n.f.),河岸,54
rivière,(n.f.),河,河流,54
robinet,(n.m.),(流体的)开关、水龙头、阀门,"104, 191"
rocher,(n.m.),"大岩石、岩片",54
roi,(n.m.),国王,71
romantique,(adj.),"浪漫的、富有幻想的",160
rond,(e (adj.)),"圆形的、矮胖的",84
rond-point,(n.m.),圆形广场,圆形广场,218
roquefort,(n.m.),羊乳干酪,176
rosbif,(n.m.),烤牛肉,176
rose,(adj.),"粉红色的、橘红的","68, 176"
rose,(n.f.),玫瑰,60
rosé,(e (adj.)),"淡红的、玫瑰色的",176
rossignol,(n.m.),夜莺,70
rôti,(n.m.),烤肉,176
rouble,(n.m.),卢布(俄罗斯货币单位),170
roue,(n.f.),轮子,216
rouge,(adj.),红色的,84
rouge à lèvres,(n.m.),口红,116
roulé,(e (adj.)),翻卷的,92
rouleau,(n.m.),"滚筒、碾子",188
rouler,(v.i.),"行驶驱动、使转动",172
roumain,(e (adj.)),"罗马尼亚的、罗马尼亚人",15
rousseur,(n.f.),"橙红色、橙黄色",88
rouge,(adj.),红色,88
roux,(sse (adj.)),"红棕色的、橙黄色的、橙红色的",84
ruche,(n.f.),"蜂巢、蜂箱",68
rude,(adj.),"严格的、严峻的",48
rugby,(n.m.),橄榄球,204
ruisseau,(n.m.),"溪、小河",54
rupture,(n.f.),"断裂、决裂",26
sable,(n.m.),沙子,
sac,(n.m.),包,71
sage,(adj.),"聪明的、听话的",128
sage-femme,(n.f.),助产士,132
saigner,(v.i.),"流血、失血",76
saisir,(v.t.),"抓住；(计算机的信息)输入、采集",140
saison,(n.f.),季节,34
salade,(n.f.),"生菜、凉拌生菜、冷盆、色拉",62
saladier,(n.m.),色拉碗、生菜盆,188
salaire,(n.m.),工资、薪水,170
salé,(e (adj.)),咸的,54
salement,(adv.),"肮脏地；龌龊地",67
salifère,(n.f.),(制成上)的油腻面,190
salle,(n.f.),大厅,124
salon,(n.m.),客厅、会客室,104
salopette,(n.f.),工装裤,92
saluer (se),(v.pron.),"致敬、招呼",2
saluer (v.t.),"问候、敬礼",75
sandale,(n.f.),凉鞋、便鞋,178
sandwich,(n.m.),三明治,194
sang,(n.m.),血,76
sang-froid,(n.m.),冷静,78
sanglier,(n.m.),野猪,68
santé,(n.f.),健康,80
sapin,(n.m.),松树,60
sardine,(n.f.),沙丁鱼,68
sauce,(n.f.),调味计,沙司,194
saucisse,(n.f.),红肠、香粉,176
saucisson,(n.m.),粗红肠、大灌肠,176
saumon,(n.m.),"三文鱼、鲑鱼","68, 176"
saut,(n.m.),跳,204
sauter,(v.i.),跳跃,"78, 127, 204"
sauvage,(adj.),"野生的、野性的、粗野的",68
sauvegarder,(v.t.),保存,140
sauver (se),(v.pron.),"逃心",66
savonner (se),(v.pron.),用肥皂洗澡,116
scandinave,(n.m.),斯堪的纳维亚、斯堪的纳维亚语,13
scène,(n.f.),"台、吵架、发脾气；舞台",26
schéma,(n.m.),示意图,215
scolaire,(adj.),学校的,124
scolarité,(n.f.),学业、就学,122
scooter,(n.m.),轻便摩托车,216
laver (se),(v.pron.),(给自己)洗澡、洗澡,98
sec, sèche (adj.),"干的、干燥的","48, 118"
sèche-cheveux,(n.m.),电吹风,116
sèchement,(adv.),"冷淡地、生硬地",228
sécher (se),(v.pron.),"使干、弄干",116
sécher (v.t.),"旷(课)、逃(学)",128
sécheresse,(n.f.),干早,48
secondaire,(adj.),"第二的、次要的",108
seconde,(n.f.),秒钟,34
sécurité,(n.f.),安全,137
séduisant,(e (adj.)),迷人的,86
sein,(n.m.),乳房,胸,174
séjour,(n.m.),"逗留、暂住、旅居",102
séjourner,(v.i.),"逗留、居留",226
sel,(n.m.),盐,88
sélectionner,(v.t.),选择,140
semaine,(n.f.),星期,34
semelle,(n.f.),鞋底,94
Sénégal,(n.m.),塞内加尔,13
sens,(n.m.),"感觉、感官、官能",78
sensibilité,(n.f.),"感受力、敏感性、同情心",162
sentier,(n.m.),小路、小径、小通道,56
sentir (v.t.),"闻、嗅、闻到",60
séparation,(n.f.),分离、分割,26
septembre,(n.m.),九月,34
"sérieux, se",(adj.),"认真的、严谨的",162
serpent,(n.m.),蛇,70
serpillière,(n.f.),擦地用的粗布、粗布拖把,118
serré,(e (adj.)),拥挤的,68
serrer (se),(v.pron.),紧握、抓住,2
serrure,(n.f.),锁,102
serveur,(se (n.)),"咖啡馆、餐厅的服务员",133
serviette,(n.f.),"毛巾、手巾、餐巾",106
servir (v.t.),"端上(饭菜)、摆上(饭菜)；服务、问候、使用……","66, 114, 150"
seul,(e (adj.)),单独的,24
sévère,(adj.),"严厉的、严肃的、严重的",128
shampooing,(n.m.),洗发、洗发液,116
short,(n.m.),短裤,92
siècle,(n.m.),世纪,34
siège,(n.m.),座位,216
siffler,(v.i.),"吹口哨、口哨、嘶叫",70
signature,(n.f.),签名,168
signe,(n.m.),标记、记号,88
signer,(v.t.),签字,168
simple,(adj.),简单、单纯的,212
simultanément,(adv.),同时地,49
singe,(n.m.),猴子,70
site,(n.m.),"风景、风景、遗址、旧址",228
situer (se),(v.pron.),处于......,77
ski,(n.m.),滑雪,57
skieur,(n.m.),滑雪者,206
slave,(adj.),斯拉夫人的,144
slip,(n.m.),短裤,94
SNCF,(n.f.),法国国家铁路公司,212
socialiste,(n.m. et adj.),"社会主义、的、社会党人",61
société,(n.f.),社会,200
sociologie,(n.f.),社会学,126
socio-professionnel, le (adj.),社会职业的,134
socquette,(n.f.),短袜,94
sœur,(n.f.),姐妹,18
sœurs jumelles,(n.f. pl.),孪生姐妹,20
soie,(n.f.),丝绸,94
soif,(n.f.),渴,80
soigné,(e (adj.)),"注重仪表、注意衣着的",88
soir,(n.m.),"傍晚、晚上",36
soirée,(n.f.),"晚上、晚、晚会",36, 154
soit,(conj.),或者,12
sol,(n.m.),地面,106
solaire,(adj.),太阳的,52, 226
solde,(n.m.),"差额、余额、削价出售","170, 180"
soleil,(n.m.),太阳,36
solide,(adj.),多,53
solitude,(n.f.),孤独,27
sombre,(adj.),"阴暗的、昏暗的",108
sommeil,(n.m.),睡眠,80
sommet,(n.m.),"顶、尖、最高峰",56
son,(n.m.),高音,144
sonner,(v.i.),敲响、接铃,102
sortie,(n.f.),"出口、放下、下班",124
sou,(n.m.),(原法国币制货币名,相当于二十分之一法郎),172
souffle,(n.m.),"吹、(风、雨、利、48"
souffler,(v.i.),吹,162
soupe,(n.f.),汤,190
soupière,(n.f.),带盖的大汤碗,188
souple,(adj.),灵活的,可变的,14
source,(n.f.),"水源、源头、发源地",54
sourcil,(n.m.),眉毛,78
sourd,(e (adj.)),聋的,78
sourire,(n.m.),微笑,84
souris,(n.f.),鼠标,140
sous-sol,(n.m.),地下室,104
souterrain,(e (adj.)),地下的,212
soutien-gorge,(n.m.),胸罩,94
souvenir,(n.m.),纪念品,226
spectacle,(n.m.),"演出、表演、景象、场景",200
splendide,(adj.),"壮丽的、辉煌的",46
sport,(n.m.),运动,体育,124
squash,(n.m.),壁球,204
squelette,(n.f. pl.),"骨骼、构架、框架",74
stade,(n.f.),体育场,204
stagiaire,(n.),实习生,134
station,(n.f.),"电视台、广播电台、电视台",144
station-service,(n.f.),加油站,216
statut,(n.m.),身份、地位,14
steack,(n.m.),(英语)牛排,176
stéréo,(adj.),立体声的,144
steward,(n.m.),(客机上的)男服务员,214
stocker,(v.t.),储存、储备,140
Strasbourg,,斯特拉斯堡,13
stretching,(n.m.),肌肉伸展性各运动(以伸展、肌肉为目的的)体操,206
strict,(e (adj.)),"严格的、绝对的、一丝不苟的",128
structure,(n.f.),结构,74, 190
studio,(n.m.),"单间公寓、单间套房",108
stylo-bille,(n.m.),圆珠笔,124
stylo-plume,(n.m.),钢笔,124
sucre,(n.m.),糖,180
sud,(n.m.),南,52
suédois,(n.m.),瑞典语,13
suffixe,(n.m.),词尾,结构,10
suisse,(adj.),瑞士的,166
suite,(n.f.),连接、连续,36
suivre (v.t.),"照着、顺着……走、……走",54
super,(adj.),"极好的、绝妙的",47
superficie,(adj. (adj.)),"表面的、肤浅的",162
supérieur,(e (adj.)),"上部的、优秀的",74
supermarché,(n.m.),超级市场,180
supporter (n.m.),"支持者、啦啦队员",204
surf,(n.m.),冲浪,206
surface,(n.f.),面积,表面,180
surveiller (v.t.),监视,128
survêtement,(n.m.),层运动外套,92
suspendre,(v.t.),"悬、挂、托",104
symbole,(n.f.),象征,60
sympa,(adj.),"友好的、讨人喜欢的",128
sympathie,(n.f.),"同情、好感、亲和力",28
synonyme,(adj.),同义的,98
synthétique,(adj.),合成的,94
Syracuse,,锡拉库萨(意),12
systématiquement,(adv.),一贯地、从头至尾地,2
système,(n.m.),系统、体系,52
tabac,(n.m.),"烟草、烟叶、烟丝",178
tableau,(n.m.),"画、图画",106
tache,(n.f.),斑点,88
taille,(n.f.),身材,84
taille-crayon,(n.m.),卷笔刀,124
tailleur,(n.m.),(用法)料理手的、西式上装带裙子的女式套装,92
taire (se),(v.pron.),"沉默、不说话",154
talentueux,(se (adj.)),"有才能的、有才华的",132
talon,(n.m.),脚跟,94
tante,(n.f.),姑妈、姨妈,18
taper,(v.t.),敲打,76
tapis,(n.m.),地毯,106
tarte,(n.f.),奶油水果陷饼、塔,176
tartine,(n.f.),(涂有黄油的)面包片,190
taxi,(n.m.),出租车,218
tchin-tchin,(n.m.),(碰杯时说)请、请,6
technologie,(n.f.),技术、工艺,140
teindre,(v.t.),"把……染色、(用颜料)涂",178
teint,(n.m.),面色、脸面,84
teinturier, ière (n.),"染匠、洗染商",178
télécommande,(n.f.),遥控,144
télécopie,(n.f.),传真,142
télécopier,(v.t.),电、电话,142
téléphonique,(adj.),电话的,142
télévisé,(e (adj.)),电视的,144
télévision,(n.f.),电视机、电视,144
témoin,(n.m.),证人、目击者,24
température,(n.f.),温度,46
tempéré,(e (adj.)),温和的,48
tempête,(n.f.),"风暴、暴风雨",48
temple,(n.m.),教堂、庙宇、寺院,11
tendresse,(n.f.),柔情,28
tennis,(n.m.),网球,202
tente,(n.f.),帐篷,224
terme,(n.m.),词、术语,172
terminaison,(n.f.),(语)词尾,10
terminale,(n.f.),(法)中学的毕业班,128
terminer (se),(v.pron.),结束,10
terrain,(n.m.),场地,"124, 204"
terrasse,(n.f.),(咖啡馆、餐馆设在人行道旁的)露天座,194
terre,(n.f.),"地球、地面、土地",52
terrestre,(adj.),"地球的、陆地的",52
tête,(n.f.),头、脑袋,74
TGV,(n.m.),高速火车,212
thé,(n.m.),茶、茶叶,150
thon,(n.m.),金枪鱼,176
ticket,(n.m.),票、入场券、车票,178
tigre,(n.m.),虎,70
timbre-poste,(n.m.),邮票,178
timide,(adj.),"胆小的、羞怯的",162
timidité,(n.f.),"腼腆、羞怯、胆怯",160
tirer,(v.t.),"拉、拖、牵、引",66
tiroir,(n.m.),抽屉,104
tissu,(n.m.),布料,94
toile,(n.f.),网,68
toilettes,(n.f. pl.),"厕所、卫生间、抽水马桶",80, 106
toit,(n.m.),房顶,102
tolérant,(e (adj.)),"宽容的、宽容的",162
tomate,(n.f.),西红柿,62
tombe,(n.f.),墓,28
tomber,(v.i.),坠落、跌倒,11
tonalité,(n.f.),(电话)拨号音、音、气氛,142
tondre,(v.t.),剪、剪下、修剪,60
tonnerre,(n.m.),山、雷声,48
torchon,(n.m.),抹布,114
tornade,(n.f.),龙卷风,48
torrent,(n.m.),"激流、湍流、流水",48
torride,(adj.),"酷热的、炎热的",46
tort,(n.f.),错误,156
touche,(n.f.),"键、按键",142
touché,(e (adj.)),"被感动的、击中、打中",48, 162
toucher,(n.m.),触摸,78
toucher (v.t.),触摸,78
tour,(n.m.),"环境、周围、一周、转动、旋转","144, 200"
tourisme,(n.m.),旅游,224
touristique,(adj.),旅游的、游览的,178
tourne-disque,(n.m.),唱机,144
tourner,(v.t.),"转动；转向、运转","52, 218"
tournoi,(n.m.),联赛、竞赛,202
Toussaint,(n.f.),万圣节,诸圣瞻礼节,60
tracer,(v.t.),划线,125
tradition,(n.f.),传统,60
train,(n.m.),火车,212
traitement,(n.m.),处理,140
tramway,(n.m.),有轨电车,214
tranche,(n.f.),薄片,180
transférer,(v.t.),"转移、搬移、转账",170
transistor,(n.m.),半导体收音机、晶体管收音机,144
transmettre,(v.t.),转送、转交,152
transpiration,(n.f.),出汗,76
transpirer,(v.i.),出汗,76
transport,(n.m.),运输,212
travailleur, se (adj.),"勤劳的、用功的",162
travaux,(n.m. pl.),"活计、活儿、工作",102
traversée,(n.f.),横渡、穿过,214
traverser (v.t.),通过,214
tremblement (n.m.),"震动、抖动",52
trésor,(n.m.),宝藏、宝贝,25
tresse,(n.f.),"辫子、发辫",86
tribunal,(n.m.),"法庭、法院",134
tricot,(n.m.),"针织物、毛衣",200
trinquer,(v.i.),"碰杯、祝酒",6
triomphe,(n.m.),胜利,49
triste,(adj.),忧伤,28
tristesse,(n.f.),"悲伤、伤心",28
tromper (se),(v.pron.),"弄错、失误",154
tronc,(n.m.),树干,60
tropical,(e, aux (adj.)),热带的,48
trottoir,(n.m.),人行道,218
troupeau,(n.m.),一群、伙,66
trousse,(n.f.),"文具盒、箱、包",226
truite,(n.f.),鲑鱼,鲜鳟,176
T-shirt,(n.m.),T恤衫,92
tube,(n.f.),管、筒,180
tulipe,(n.f.),郁金香,60
tunis,(n.m.),"调音、调谐设备",144
Tunisie,(n.f.),突尼斯,10
turc, turque (adj.),土耳其的,土耳其人,10
tutoiement,(n.m.),用“你”称呼,2
tutoyer (se),(v.pron.),用“你”称呼,2
tuyau,(n.m.),管道、水管,"106, 132"
Ukraine,(n.f.),乌克兰,13
uni,(e (adj.)),单色的,94
union,(n.m.),"联合、团结",24
unique,(adj.),"单独的、唯一的","20, 218"
univers,(n.m.),"宇宙、世界",52
université,(n.f.),大学,122
urdu,(n.m.),"乌尔都语(巴基斯坦的国语之一)",12
Uruguay,(n.m.),乌拉圭,10
usage,(n.f.),"习惯、惯例","2, 192"
usine,(n.f.),工厂,134
vache,(n.f.),奶牛,66
vague,(n.f.),浪、波涛,54
vaisselle,(n.f.),(集合名词)餐具,114
valeur,(n.f.),价值,171
valider,(v.t.),"确认、认可、使生效",168
valise,(n.f.),手提箱,"102, 224"
vallée,(n.f.),"河谷、山谷",54
valoir,(v.i.),"价值、等于、属于应该",224
vanille,(n.f.),香草精,78
Var,(n.m.),瓦尔(省),12, 86
varier,(v.t.),"变化、使多样化",2
variété,(n.f.),"通常的收费节目单",144
vase,(n.f.),"罐、瓶、盆",106
veau,(n.m.),"小牛、小牛肉",66
végétal,(e, -aux (n.m.)),植物,176
végétarien, en (n.),素食者,195
véhicule,(n.m.),车辆,216
veille,(n.f.),"前天、前一夜",34
vélo,(n.m.),自行车,57
vendanges,(n.m.pl.),葡萄收获季节,62
vendeur, se (n.),"售货员、营业员","132, 180"
vendre,(v.t.),卖、出售,176
Venezuela,(n.m.),委内瑞拉,10
vent,(n.m.),风,46
ventre,(n.m.),"腹部、肚子",74
verger,(n.m.),果园,62
verglas,(n.m.),薄冰,48
vérifier,(v.t.),"检验、核实",152
vérité,(n.f.),"真理、真相",154
vernis à ongles,(n.m.),指甲油,116
verre,(n.m.),"玻璃杯、玻璃酒杯",115
verser,(v.t.),"缴、缴纳、支付",172
vert,(e (adj.)),绿色的,54
vertébral, e, -aux (adj.),脊柱的,74
vertèbre,(n.f.),脊椎骨,74
verveine,(n.f.),"马鞭草、马鞭草茶",192
veste,(n.f.),上衣,92
vêtement,(n.m.),衣服,92
vétérinaire,(n.),兽医,133
veuf,(n.m.),鳏夫,28
veuve,(n.f.),寡妇,128
viande,(n.f.),"(牲畜、家禽的)肉、肉类",66
vice versa,(loc. adv.),反过来也一样、反之亦然,86
victime,(n.m.),受害者,79
victoire,(n.f.),胜利,202
vidéo,(adj.),"视频的、图像的",144
vieillesse,(n.f.),"老年、衰老",20
vieillir,(v.i.),"变老、衰老",20
viennaiserie,(n.f.),糕点,176
vieux, vieille (adj.),"年老的、年长的",86
vigne,(n.f.),"葡萄树、葡萄园",62
vigneron, ne (n.),"梅海种植者、葡萄酒酿造者",134
village,(n.m.),村庄,56
ville,(n.f.),城市,218
violet, te (adj.),"紫色的、紫罗兰色的",182
violon,(n.m.),小提琴,79
violoniste,(n.m.),小提琴家,29
virage,(n.m.),"拐角、弯道、改变方向",218
virement,(n.m.),"转账、划账",170
virer,(v.t.),"转账、划账",170
visa,(n.m.),签证,224
visage,(n.m.),脸,74
viscose,(n.f.),粘胶纤维,94
vitesse,(n.f.),速度,218
vitre,(n.m.),(门的)窗的玻璃,118
vitrine,(n.f.),橱窗,180
vivant,(e (adj.)),活着的,128
vivre,(v.i.),生活,24
vodka,(n.f.),伏特加酒,176
vœu,(n.m.),心愿,6
voie,(n.f.),"铁道、铁轨",212
voilage,(n.m.),大的窗纱帘,106
voile,(n.f.),帆,206
voisin,(n.m.),邻居,102
voiture,(n.f.),客车车厢,212
vol,(n.m.),"飞行、飞行航班",214
volaille,(n.f.),家禽,66, 176
volant,(n.m.),方向盘,216
volant (n.m.),羽毛球,216
voler,(v.i.),飞,70
volet,(n.m.),"护窗板、百叶窗",106
voleur,(n.m.),"扒手、贼",67
volley-ball,(n.m.),排球,204
volontiers,(adv.),"乐意地、自愿地",150
volume,(n.f.),"音高、音量",144
vouvroiement,(n.m.),用“您”称呼,2
voyage,(n.m.),旅行,24
voyageur,(n.m.),旅客,212
vrai,(e (adj.)),"真实的、确实的",6
vue,(n.f.),"视觉、视力、观点、意见",78, 156
wagon,(n.m.),车厢,212
whisky,(n.f.),威士忌,176
yaourt,(n.m.),酸奶,190
yen,(n.m.),日元,170
zapper,(v.i.),用遥控器来转换电视频道,144
zèbre,(n.m.),斑马,70
zéro,(n.m.),零,38
Zimbabwe,(n.m.),津巴布韦,10
zoo,(n.m.),动物园,70, 200
zut,(interj.),"得子、见鬼、倒霉",150